,index,Crop_Name,N,P,K,soil_type
0,1,Cotton,15.968,4.807,2.414,Black
1,2,Cotton,16.154,3.738,2.389,Black
2,3,Cotton,12.321,3.547,2.78,Black
3,4,Cotton,12.307,3.074,2.251,Black
4,5,Cotton,13.137,4.85,1.929,Black
5,6,Cotton,15.271,4.043,2.107,Black
6,7,Cotton,14.256,4.634,2.327,Black
7,8,Cotton,14.958,3.763,1.641,Black
8,9,Cotton,15.662,3.614,2.29,Black
9,10,Cotton,15.149,4.404,2.293,Black
10,11,Cotton,12.407,3.688,2.664,Black
11,12,Cotton,13.585,4.41,2.516,Black
12,13,Cotton,14.245,3.114,2.375,Black
13,14,Cotton,13.452,3.963,2.875,Black
14,15,Cotton,13.596,3.262,2.889,Black
15,16,Cotton,13.778,4.193,2.031,Black
16,17,Cotton,13.316,4.79,2.006,Black
17,18,Cotton,15.479,3.349,2.443,Black
18,19,Cotton,14.016,3.282,2.096,Black
19,20,Cotton,15.072,3.962,1.584,Black
20,21,Cotton,16.4,3.504,2.836,Black
21,22,Cotton,13.166,4.752,2.288,Black
22,23,Cotton,14.069,3.785,2.972,Black
23,24,Cotton,13.875,3.567,1.991,Black
24,25,Cotton,15.446,4.632,2.23,Black
25,26,Cotton,14.702,3.155,1.721,Black
26,27,Cotton,14.593,3.31,1.76,Black
27,28,Cotton,16.292,4.322,1.952,Black
28,29,Cotton,13.988,4.704,1.69,Black
29,30,Cotton,12.874,4.436,1.501,Black
30,31,Cotton,12.8,3.737,2.074,Black
31,32,Cotton,14.156,4.762,2.293,Black
32,33,Cotton,13.569,3.447,2.12,Black
33,34,Cotton,14.045,3.939,2.186,Black
34,35,Cotton,16.45,3.794,2.649,Black
35,36,Cotton,12.248,4.337,2.104,Black
36,37,Cotton,14.345,4.302,2.063,Black
37,38,Cotton,13.131,3.507,2.91,Black
38,39,Cotton,14.494,4.519,1.66,Black
39,40,Cotton,12.783,3.793,2.25,Black
40,41,Cotton,12.903,3.524,1.932,Black
41,42,Cotton,16.06,3.814,2.834,Black
42,43,Cotton,14.976,3.034,2.622,Black
43,44,Cotton,15.573,4.266,1.692,Black
44,45,Cotton,16.085,4.811,2.591,Black
45,46,Cotton,12.029,4.178,2.665,Black
46,47,Cotton,13.318,3.717,2.709,Black
47,48,Cotton,13.594,4.358,2.506,Black
48,49,Cotton,13.967,3.561,2.383,Black
49,50,Cotton,14.411,4.146,2.49,Black
50,51,Cotton,16.475,3.137,2.729,Black
51,52,Cotton,15.659,4.481,2.688,Black
52,53,Cotton,16.208,3.873,2.378,Black
53,54,Cotton,12.257,4.396,1.576,Black
54,55,Cotton,12.197,4.98,2.594,Black
55,56,Cotton,12.046,3.599,2.288,Black
56,57,Cotton,14.138,3.057,2.808,Black
57,58,Cotton,16.022,3.755,2.044,Black
58,59,Cotton,12.191,3.604,2.412,Black
59,60,Cotton,13.156,4.513,2.652,Black
60,61,Cotton,16.126,3.457,2.205,Black
61,62,Cotton,16.021,3.664,1.989,Black
62,63,Cotton,14.537,4.205,1.575,Black
63,64,Cotton,12.793,4.007,2.008,Black
64,65,Cotton,16.021,3.452,2.83,Black
65,66,Cotton,12.339,3.803,2.423,Black
66,67,Cotton,15.189,4.105,2.246,Black
67,68,Cotton,12.221,4.541,2.409,Black
68,69,Cotton,12.057,3.233,1.896,Black
69,70,Cotton,16.358,3.018,1.925,Black
70,71,Cotton,13.648,3.083,2.04,Black
71,72,Cotton,14.554,3.116,1.908,Black
72,73,Cotton,16.371,4.313,1.674,Black
73,74,Cotton,13.473,3.427,2.669,Black
74,75,Cotton,13.465,3.684,2.505,Black
75,76,Cotton,15.634,3.134,2.184,Black
76,77,Cotton,15.858,3.717,1.595,Black
77,78,Cotton,12.185,4.7,2.88,Black
78,79,Cotton,15.734,4.689,2.203,Black
79,80,Cotton,15.544,3.706,1.591,Black
80,81,Cotton,14.145,4.06,1.749,Black
81,82,Cotton,16.191,4.305,2.494,Black
82,83,Cotton,12.617,4.492,1.723,Black
83,84,Cotton,15.042,3.119,2.487,Black
84,85,Cotton,15.532,4.887,2.293,Black
85,86,Cotton,12.382,3.067,2.719,Black
86,87,Cotton,14.452,3.942,1.642,Black
87,88,Cotton,13.44,4.436,2.647,Black
88,89,Cotton,14.989,4.253,2.063,Black
89,90,Cotton,16.271,4.262,1.664,Black
90,91,Cotton,16.156,3.503,2.743,Black
91,92,Cotton,16.258,4.377,2.713,Black
92,93,Cotton,12.438,3.362,2.7,Black
93,94,Cotton,16.333,4.355,2.964,Black
94,95,Cotton,16.192,3.776,1.963,Black
95,96,Cotton,16.47,4.452,2.588,Black
96,97,Cotton,13.063,3.758,2.701,Black
97,98,Cotton,16.162,4.438,1.714,Black
98,99,Cotton,16.47,3.372,1.792,Black
99,100,Cotton,12.706,3.601,2.043,Black
100,101,Cotton,12.15,3,2.395,Black
101,102,Cotton,15.451,3.385,2.297,Black
102,103,Cotton,16.165,4.516,1.617,Black
103,104,Cotton,15.066,4.514,1.746,Black
104,105,Cotton,12.378,4.333,2.31,Black
105,106,Cotton,15.376,3.122,2.111,Black
106,107,Cotton,14.696,4.825,1.561,Black
107,108,Cotton,16.013,3.195,2.062,Black
108,109,Cotton,14.242,4.26,2.088,Black
109,110,Cotton,12.225,3.887,2.604,Black
110,111,Cotton,15.41,3.9,2.787,Black
111,112,Cotton,12.739,3.368,2.613,Black
112,113,Cotton,16.391,3.333,1.777,Black
113,114,Cotton,13.239,3.408,1.825,Black
114,115,Cotton,14.631,3.705,1.954,Black
115,116,Cotton,15.534,3.107,1.533,Black
116,117,Cotton,15.076,3.224,2.258,Black
117,118,Cotton,13.888,3.671,2.833,Black
118,119,Cotton,14.486,3.806,2.316,Black
119,120,Cotton,14.885,4.156,1.86,Black
120,121,Cotton,15.115,4.357,2.332,Black
121,122,Cotton,14.152,4.581,2.996,Black
122,123,Cotton,15.698,3.98,2.47,Black
123,124,Cotton,13.474,3.605,1.508,Black
124,125,Cotton,12.308,3.774,2.974,Black
125,126,Cotton,14.241,4.337,1.664,Black
126,127,Cotton,16.02,3.046,1.51,Black
127,128,Cotton,12.348,4.977,1.516,Black
128,129,Cotton,12.326,3.129,2.879,Black
129,130,Cotton,12.441,3.897,2.871,Black
130,131,Cotton,12.742,3.393,2.446,Black
131,132,Cotton,13.982,4.202,2.279,Black
132,133,Cotton,12.258,3.827,2.457,Black
133,134,Cotton,12.303,3.911,2.851,Black
134,135,Cotton,12.74,3.594,2.543,Black
135,136,Cotton,16.047,4.156,2.314,Black
136,137,Cotton,13.182,3.294,1.538,Black
137,138,Cotton,16.23,3.672,2.91,Black
138,139,Cotton,12.79,3.729,2.211,Black
139,140,Cotton,12.366,3.242,2.766,Black
140,141,Cotton,14.034,4.042,2.019,Black
141,142,Cotton,13.831,4.736,2.927,Black
142,143,Cotton,12.85,3.046,2.676,Black
143,144,Cotton,15.366,3.574,1.861,Black
144,145,Cotton,12.246,3.183,2.023,Black
145,146,Cotton,14.849,4.728,1.698,Black
146,147,Cotton,14.667,4.028,2.03,Black
147,148,Cotton,12.015,3.462,1.782,Black
148,149,Cotton,13.892,3.497,1.846,Black
149,150,Cotton,12.967,3.349,2.522,Black
150,151,Cotton,15.75,4.687,2.887,Black
151,152,Cotton,16.23,3.031,2.917,Black
152,153,Cotton,13.739,3.359,2.999,Black
153,154,Cotton,14.14,3.266,1.993,Black
154,155,Cotton,12.363,3.332,2.86,Black
155,156,Cotton,13.541,3.438,2.824,Black
156,157,Cotton,16.413,4.382,2.052,Black
157,158,Cotton,13.561,4.119,2.297,Black
158,159,Cotton,12.725,3.14,2.357,Black
159,160,Cotton,13.352,3.436,1.563,Black
160,161,Cotton,14.435,4.868,2.237,Black
161,162,Cotton,16.098,3.855,1.939,Black
162,163,Cotton,12.857,3.859,1.551,Black
163,164,Cotton,12.761,3.033,2.695,Black
164,165,Cotton,13.678,3.539,1.974,Black
165,166,Cotton,15.368,4.773,2.865,Black
166,167,Cotton,15.254,4.703,2.143,Black
167,168,Cotton,16.32,3.219,2.768,Black
168,169,Cotton,14.116,3.685,2.121,Black
169,170,Cotton,12.46,4.025,1.842,Black
170,171,Cotton,12.897,4.324,2.218,Black
171,172,Cotton,12.021,3.369,2.073,Black
172,173,Cotton,16.21,4.052,1.589,Black
173,174,Cotton,14.484,4.123,2.576,Black
174,175,Cotton,14.335,4.753,2.777,Black
175,176,Cotton,14.52,3.916,1.677,Black
176,177,Cotton,14.109,4.828,2.339,Black
177,178,Cotton,14.965,4.119,2.876,Black
178,179,Cotton,14.479,4.835,2.49,Black
179,180,Cotton,14.785,3.461,2.912,Black
180,181,Cotton,14.555,3.725,1.52,Black
181,182,Cotton,12.239,4.596,1.914,Black
182,183,Cotton,14.079,3.047,2.672,Black
183,184,Cotton,14.729,3.355,2.413,Black
184,185,Cotton,12.71,3.543,1.782,Black
185,186,Cotton,12.431,4.279,2.465,Black
186,187,Cotton,16.428,4.897,1.915,Black
187,188,Cotton,13.013,3.589,2.84,Black
188,189,Cotton,12.586,3.94,1.526,Black
189,190,Cotton,12.747,3.53,2.599,Black
190,191,Cotton,14.714,3.948,1.533,Black
191,192,Cotton,12.239,3.543,2.489,Black
192,193,Cotton,16.206,4.557,2.524,Black
193,194,Cotton,15.546,4.939,1.604,Black
194,195,Cotton,12.593,3.141,2.085,Black
195,196,Cotton,15.863,3.606,2.904,Black
196,197,Cotton,16.239,3.92,2.803,Black
197,198,Cotton,14.646,3.249,1.854,Black
198,199,Cotton,12.513,4.751,2.267,Black
199,200,Cotton,13.729,3.691,2.687,Black
200,201,Rice,13.198,5.999,4.928,Red
201,202,Rice,10.829,4.472,4.562,Red
202,203,Rice,12.145,4.117,5.978,Red
203,204,Rice,9.676,5.855,5.438,Red
204,205,Rice,12.092,5.581,4.673,Red
205,206,Rice,12.231,4.439,5.974,Red
206,207,Rice,11.5,5.37,4.793,Red
207,208,Rice,13.353,5.031,5.733,Red
208,209,Rice,9.582,4.677,5.1,Red
209,210,Rice,10.715,4.17,5.346,Red
210,211,Rice,12.208,4.726,4.802,Red
211,212,Rice,12.909,5.473,5.333,Red
212,213,Rice,13.649,4.489,4.724,Red
213,214,Rice,9.787,4.064,5.272,Red
214,215,Rice,11.363,4.698,4.743,Red
215,216,Rice,9.588,5.591,4.888,Red
216,217,Rice,9.883,5.531,5.259,Red
217,218,Rice,13.983,4.222,4.995,Red
218,219,Rice,12.588,5.398,5.393,Red
219,220,Rice,10.849,4.222,4.569,Red
220,221,Rice,12.395,5.992,5.702,Red
221,222,Rice,12.946,5.956,5.973,Red
222,223,Rice,11.197,5.598,5.594,Red
223,224,Rice,11.609,4.732,5.642,Red
224,225,Rice,12.804,5.465,5.566,Red
225,226,Rice,9.754,5.834,5.516,Red
226,227,Rice,9.59,5.816,5.397,Red
227,228,Rice,12.525,5.029,5.596,Red
228,229,Rice,10.485,4.56,4.979,Red
229,230,Rice,9.59,4.222,4.803,Red
230,231,Rice,10.547,5.17,5.292,Red
231,232,Rice,11.619,5.176,5.746,Red
232,233,Rice,12.196,5.93,4.745,Red
233,234,Rice,13.802,5.774,4.744,Red
234,235,Rice,13.226,4.041,4.775,Red
235,236,Rice,13.133,5.415,4.96,Red
236,237,Rice,12.34,5.308,5.341,Red
237,238,Rice,12.755,5.544,5.928,Red
238,239,Rice,11.978,4.586,4.92,Red
239,240,Rice,12.054,4.979,4.715,Red
240,241,Rice,13.33,4.379,5.032,Red
241,242,Rice,12.189,4.325,4.554,Red
242,243,Rice,13.493,4.31,4.84,Red
243,244,Rice,13.774,4.695,4.569,Red
244,245,Rice,10.247,5.023,5.191,Red
245,246,Rice,10.914,4.192,5.064,Red
246,247,Rice,12.877,5.803,4.918,Red
247,248,Rice,10.096,5.108,5.869,Red
248,249,Rice,11.456,4.562,5.955,Red
249,250,Rice,11.665,4.157,5.178,Red
250,251,Rice,10.322,4.573,4.973,Red
251,252,Rice,10.447,5.098,4.885,Red
252,253,Rice,12.722,5.667,4.731,Red
253,254,Rice,11.715,4.706,5.216,Red
254,255,Rice,11.74,5.923,5.673,Red
255,256,Rice,11.428,4.57,5.559,Red
256,257,Rice,10.481,4.452,5.969,Red
257,258,Rice,12.095,4.618,5.53,Red
258,259,Rice,10.325,5.384,5.772,Red
259,260,Rice,13.555,5.982,5.076,Red
260,261,Rice,12.728,5.966,5.424,Red
261,262,Rice,11.14,5.828,4.788,Red
262,263,Rice,11.694,5.19,5.672,Red
263,264,Rice,10.828,5.905,5.773,Red
264,265,Rice,10.106,5.561,5.279,Red
265,266,Rice,13.426,4.028,4.58,Red
266,267,Rice,13.18,5.384,5.936,Red
267,268,Rice,13.877,4.383,4.61,Red
268,269,Rice,13.944,5.814,5.018,Red
269,270,Rice,13.22,5.5,5.168,Red
270,271,Rice,9.924,5.744,4.685,Red
271,272,Rice,13.001,5.89,5.367,Red
272,273,Rice,12.819,4.584,4.939,Red
273,274,Rice,9.771,5.78,5.832,Red
274,275,Rice,12.197,4.998,5.527,Red
275,276,Rice,12.74,4.976,4.81,Red
276,277,Rice,13.837,4.755,5.65,Red
277,278,Rice,13.803,5.512,5.733,Red
278,279,Rice,12.415,5.608,5.365,Red
279,280,Rice,10.978,4.592,5.435,Red
280,281,Rice,11.529,4.294,5.125,Red
281,282,Rice,13.105,5.499,5.21,Red
282,283,Rice,9.629,5.295,5.473,Red
283,284,Rice,12.973,5.058,5.351,Red
284,285,Rice,10.959,5.612,5.811,Red
285,286,Rice,11.862,4.588,5.763,Red
286,287,Rice,13.866,5.264,4.599,Red
287,288,Rice,12.483,4.48,5.479,Red
288,289,Rice,12.987,4.615,4.659,Red
289,290,Rice,9.873,4.27,4.68,Red
290,291,Rice,10.48,4.185,4.584,Red
291,292,Rice,13.705,4.298,4.777,Red
292,293,Rice,11.711,4.379,5.344,Red
293,294,Rice,13.57,4.971,4.581,Red
294,295,Rice,10.158,4.557,5.655,Red
295,296,Rice,12.004,5.496,5.671,Red
296,297,Rice,10.219,4.858,4.763,Red
297,298,Rice,11.766,4.15,5.1,Red
298,299,Rice,13.567,4.525,5.221,Red
299,300,Rice,13.083,5.721,5.231,Red
300,301,Rice,10.278,4.223,5.767,Red
301,302,Rice,9.868,5.746,4.674,Red
302,303,Rice,10.64,4.59,4.912,Red
303,304,Rice,9.942,5.566,5.798,Red
304,305,Rice,13.546,5.732,4.532,Red
305,306,Rice,9.586,5.431,5.738,Red
306,307,Rice,12.134,4.56,5.43,Red
307,308,Rice,9.887,4.021,4.622,Red
308,309,Rice,12.884,5.313,5.43,Red
309,310,Rice,10.768,5.922,5.331,Red
310,311,Rice,11.705,5.575,5.629,Red
311,312,Rice,9.687,4.379,4.923,Red
312,313,Rice,13.469,4.618,5.333,Red
313,314,Rice,9.6,4.721,4.543,Red
314,315,Rice,9.52,5.45,4.744,Red
315,316,Rice,10.658,4.183,4.846,Red
316,317,Rice,10.528,4.993,4.74,Red
317,318,Rice,9.847,5.942,4.758,Red
318,319,Rice,11.928,4.378,5.859,Red
319,320,Rice,11.612,5.247,4.83,Red
320,321,Rice,11.87,4.17,5.531,Red
321,322,Rice,12.429,5.016,5.873,Red
322,323,Rice,12.313,4.318,5.542,Red
323,324,Rice,12.689,5.908,5.831,Red
324,325,Rice,10.232,5.041,5.796,Red
325,326,Rice,13.735,5.505,5.597,Red
326,327,Rice,11.872,4.636,4.889,Red
327,328,Rice,10.046,5.889,5.756,Red
328,329,Rice,11.056,5.793,4.693,Red
329,330,Rice,12.587,4.28,5.943,Red
330,331,Rice,9.649,4.226,4.879,Red
331,332,Rice,13.774,5.012,4.849,Red
332,333,Rice,10.883,5.951,5.048,Red
333,334,Rice,9.861,5.366,5.041,Red
334,335,Rice,13.545,4.134,4.92,Red
335,336,Rice,13.274,5.294,5.407,Red
336,337,Rice,12.288,4.927,5.745,Red
337,338,Rice,11.548,5.347,5.053,Red
338,339,Rice,9.966,5.571,5.55,Red
339,340,Rice,11.236,4.49,5.54,Red
340,341,Rice,11.596,4.303,5.46,Red
341,342,Rice,10.351,5.352,5.227,Red
342,343,Rice,11.397,5.575,5.817,Red
343,344,Rice,10.095,4.27,4.83,Red
344,345,Rice,9.635,5.906,5.883,Red
345,346,Rice,13.128,4.349,5.018,Red
346,347,Rice,12.736,5.685,5.696,Red
347,348,Rice,11.797,4.518,5.521,Red
348,349,Rice,10.907,5.589,5.937,Red
349,350,Rice,13.894,4.248,4.647,Red
350,351,Rice,13.652,5.88,5.775,Red
351,352,Rice,11.663,5.755,5.899,Red
352,353,Rice,12.501,5.659,5.432,Red
353,354,Rice,12.862,5.897,5.999,Red
354,355,Rice,11.3,5.384,5.305,Red
355,356,Rice,9.665,5.986,5.927,Red
356,357,Rice,13.902,4.968,5.99,Red
357,358,Rice,12.365,4.856,5.193,Red
358,359,Rice,11.281,5.571,5.593,Red
359,360,Rice,11.555,5.669,5.387,Red
360,361,Rice,11.853,5.325,5.597,Red
361,362,Rice,9.697,4.569,5.377,Red
362,363,Rice,12.54,4.729,5.3,Red
363,364,Rice,10.187,5.187,5.848,Red
364,365,Rice,11.481,5.077,4.708,Red
365,366,Rice,10.793,4.458,4.79,Red
366,367,Rice,9.96,4.453,4.553,Red
367,368,Rice,13.009,4.894,4.87,Red
368,369,Rice,9.605,4.6,5.166,Red
369,370,Rice,11.601,4.44,4.785,Red
370,371,Rice,12.732,5.1,4.887,Red
371,372,Rice,12.411,4.613,5.82,Red
372,373,Rice,9.77,5.573,5.485,Red
373,374,Rice,11.79,5.831,4.857,Red
374,375,Rice,13.426,4.556,5.284,Red
375,376,Rice,11.609,4.698,4.557,Red
376,377,Rice,11.907,4.367,5.553,Red
377,378,Rice,12.947,4.856,5.046,Red
378,379,Rice,12.093,5.649,5.694,Red
379,380,Rice,13.914,4.924,4.516,Red
380,381,Rice,10.147,4.635,5.23,Red
381,382,Rice,10.408,4.406,5.635,Red
382,383,Rice,10.891,5.467,4.858,Red
383,384,Rice,11.059,5.137,5.885,Red
384,385,Rice,12.558,4.014,5.436,Red
385,386,Rice,9.945,5.926,5.431,Red
386,387,Rice,10.615,4.233,5.69,Red
387,388,Rice,12.934,4.973,5.949,Red
388,389,Rice,11.921,5.713,5.112,Red
389,390,Rice,9.584,4.155,4.708,Red
390,391,Rice,10.995,5.09,4.853,Red
391,392,Rice,10.198,4.229,5.416,Red
392,393,Rice,12.984,4.249,5.488,Red
393,394,Rice,10.567,5.672,5.717,Red
394,395,Rice,10.29,5.435,4.664,Red
395,396,Rice,14,5.271,5.074,Red
396,397,Rice,10.957,4.273,5.109,Red
397,398,Rice,10.125,5.798,4.986,Red
398,399,Rice,10.103,5.1,4.548,Red
399,400,Rice,11.715,4.879,5.848,Red
400,401,Groudnut,1.093,2.254,0.762,Red
401,402,Groudnut,1.052,2.825,0.61,Red
402,403,Groudnut,0.737,3.29,0.822,Red
403,404,Groudnut,1.988,2.266,0.794,Red
404,405,Groudnut,0.46,2.778,0.787,Red
405,406,Groudnut,1.766,2.936,0.987,Red
406,407,Groudnut,2.758,3.461,0.455,Red
407,408,Groudnut,2.463,2.737,0.501,Red
408,409,Groudnut,1.809,1.819,0.072,Red
409,410,Groudnut,0.53,2.408,0.24,Red
410,411,Groudnut,2.226,2.182,0.545,Red
411,412,Groudnut,1.735,3.401,0.04,Red
412,413,Groudnut,0.461,2.821,0.783,Red
413,414,Groudnut,0.035,1.562,0.333,Red
414,415,Groudnut,1.574,2.043,0.393,Red
415,416,Groudnut,0.37,2.059,0.185,Red
416,417,Groudnut,1.131,2.671,0.093,Red
417,418,Groudnut,0.154,2.536,0.617,Red
418,419,Groudnut,0.507,3.289,0.286,Red
419,420,Groudnut,1.725,2.746,0.403,Red
420,421,Groudnut,0.609,2.781,0.147,Red
421,422,Groudnut,0.765,2.534,0.585,Red
422,423,Groudnut,1.89,3.042,0.976,Red
423,424,Groudnut,0.272,2.531,0.055,Red
424,425,Groudnut,0.557,2.586,0.276,Red
425,426,Groudnut,2.301,1.624,0.27,Red
426,427,Groudnut,1.496,1.553,0.905,Red
427,428,Groudnut,2.896,2.641,0.209,Red
428,429,Groudnut,2.74,1.874,0.024,Red
429,430,Groudnut,1.106,3.289,0.434,Red
430,431,Groudnut,1.346,1.638,0.401,Red
431,432,Groudnut,0.127,1.955,0.183,Red
432,433,Groudnut,1.784,2.881,0.821,Red
433,434,Groudnut,1.237,3.339,0.153,Red
434,435,Groudnut,1.506,3.15,0.892,Red
435,436,Groudnut,2.782,2.874,0.714,Red
436,437,Groudnut,1.79,2.363,0.625,Red
437,438,Groudnut,1.115,2.144,0.837,Red
438,439,Groudnut,2.174,3.381,0.529,Red
439,440,Groudnut,1.82,3.229,0.161,Red
440,441,Groudnut,2.877,3.216,0.298,Red
441,442,Groudnut,2.985,3.126,0.361,Red
442,443,Groudnut,0.437,2.846,0.017,Red
443,444,Groudnut,2.084,2.132,0.479,Red
444,445,Groudnut,1.332,2.453,0.722,Red
445,446,Groudnut,2.784,2.561,0.341,Red
446,447,Groudnut,1.058,2.297,0.364,Red
447,448,Groudnut,1.129,2.623,0.272,Red
448,449,Groudnut,0.492,2.998,0.385,Red
449,450,Groudnut,2.807,3.382,0.031,Red
450,451,Groudnut,0.268,1.841,0.008,Red
451,452,Groudnut,1.981,3.005,0.526,Red
452,453,Groudnut,1.311,3.128,0.205,Red
453,454,Groudnut,1.469,2.462,0.228,Red
454,455,Groudnut,2.737,1.804,0.269,Red
455,456,Groudnut,1.828,2.272,0.584,Red
456,457,Groudnut,1.448,3.305,0.794,Red
457,458,Groudnut,1.017,3.155,0.123,Red
458,459,Groudnut,1.227,1.506,0.17,Red
459,460,Groudnut,1.306,1.562,0.085,Red
460,461,Groudnut,2.851,2.083,0.202,Red
461,462,Groudnut,2.821,1.612,0.749,Red
462,463,Groudnut,2.923,3.083,0.821,Red
463,464,Groudnut,2.391,2.835,0.901,Red
464,465,Groudnut,0.726,3.025,0.165,Red
465,466,Groudnut,2.136,2.763,0.304,Red
466,467,Groudnut,2.491,3.209,0.6,Red
467,468,Groudnut,1.997,1.7,0.564,Red
468,469,Groudnut,1.805,3.498,0.367,Red
469,470,Groudnut,0.448,2.979,0.269,Red
470,471,Groudnut,0.225,3.394,0.836,Red
471,472,Groudnut,1.397,2.82,0.583,Red
472,473,Groudnut,0.596,2.745,0.034,Red
473,474,Groudnut,1.572,1.838,0.601,Red
474,475,Groudnut,0.724,2.3,0.114,Red
475,476,Groudnut,0.319,1.802,0.806,Red
476,477,Groudnut,0.6,2.875,0.468,Red
477,478,Groudnut,1.879,3.355,0.721,Red
478,479,Groudnut,2.959,2.404,0.487,Red
479,480,Groudnut,1.256,1.947,0.916,Red
480,481,Groudnut,2.697,1.659,0.944,Red
481,482,Groudnut,1.247,3.239,0.624,Red
482,483,Groudnut,1.03,2.295,0.692,Red
483,484,Groudnut,1.497,2.913,0.141,Red
484,485,Groudnut,0.25,2.299,0.777,Red
485,486,Groudnut,2.669,1.93,0.458,Red
486,487,Groudnut,1.301,2.896,0.71,Red
487,488,Groudnut,2.644,3.412,0.535,Red
488,489,Groudnut,0.216,3.495,0.142,Red
489,490,Groudnut,1.747,2.736,0.433,Red
490,491,Groudnut,1.021,1.595,0.005,Red
491,492,Groudnut,1.864,1.503,0.487,Red
492,493,Groudnut,1.185,2.431,0.191,Red
493,494,Groudnut,2.793,1.8,0.103,Red
494,495,Groudnut,0.91,3.279,0.358,Red
495,496,Groudnut,2.799,1.955,0.763,Red
496,497,Groudnut,0.762,1.511,0.18,Red
497,498,Groudnut,2.815,3.085,0.092,Red
498,499,Groudnut,0.958,2.714,0.482,Red
499,500,Groudnut,0.856,1.689,0.689,Red
500,501,Groudnut,2.651,2.056,0.136,Red
501,502,Groudnut,0.543,3.469,0.296,Red
502,503,Groudnut,1.598,1.924,0.421,Red
503,504,Groudnut,0.558,2.004,0.485,Red
504,505,Groudnut,0.406,2.39,0.819,Red
505,506,Groudnut,2.466,2.145,0.803,Red
506,507,Groudnut,1.779,3.358,0.099,Red
507,508,Groudnut,2.892,2.748,0.168,Red
508,509,Groudnut,0.833,1.905,0.213,Red
509,510,Groudnut,2.755,2.712,0.813,Red
510,511,Groudnut,1.788,2.123,0.874,Red
511,512,Groudnut,0.585,1.614,0.619,Red
512,513,Groudnut,2.115,2.518,0.196,Red
513,514,Groudnut,0.857,2.466,0.203,Red
514,515,Groudnut,2.415,3.325,0.705,Red
515,516,Groudnut,1.078,2.938,0.555,Red
516,517,Groudnut,0.182,2.191,0.743,Red
517,518,Groudnut,1.983,2.799,0.95,Red
518,519,Groudnut,0.417,1.827,0.932,Red
519,520,Groudnut,0.69,2.845,0.748,Red
520,521,Groudnut,2.648,2.374,0.852,Red
521,522,Groudnut,0.687,2.897,0.83,Red
522,523,Groudnut,2.614,3.18,0.536,Red
523,524,Groudnut,0.683,2.221,0.237,Red
524,525,Groudnut,2.902,2.971,0.157,Red
525,526,Groudnut,0.833,2.965,0.165,Red
526,527,Groudnut,0.644,2.533,0.289,Red
527,528,Groudnut,0.573,2.907,0.595,Red
528,529,Groudnut,2.62,3.186,0.445,Red
529,530,Groudnut,1.749,1.9,0.559,Red
530,531,Groudnut,0.678,3.463,0.492,Red
531,532,Groudnut,0.368,1.92,0.533,Red
532,533,Groudnut,2.536,2.865,0.954,Red
533,534,Groudnut,0.593,3.179,0.843,Red
534,535,Groudnut,1.209,2.082,0.988,Red
535,536,Groudnut,0.912,2.542,0.667,Red
536,537,Groudnut,1.877,3.238,0.148,Red
537,538,Groudnut,1.767,1.991,0.759,Red
538,539,Groudnut,2.014,2.809,0.518,Red
539,540,Groudnut,1.211,1.948,0.094,Red
540,541,Groudnut,2.694,2.099,0.709,Red
541,542,Groudnut,2.379,2.768,0.166,Red
542,543,Groudnut,2.874,2.799,0.239,Red
543,544,Groudnut,1.796,2.849,0.334,Red
544,545,Groudnut,0.174,2.039,0.443,Red
545,546,Groudnut,1.43,1.811,0,Red
546,547,Groudnut,2.476,2.311,0.72,Red
547,548,Groudnut,0.095,3.221,0.354,Red
548,549,Groudnut,0.552,2.745,0.199,Red
549,550,Groudnut,2.599,2.3,0.689,Red
550,551,Groudnut,1.899,3.049,0.571,Red
551,552,Groudnut,1.799,2.554,0.272,Red
552,553,Groudnut,0.283,2.739,0.725,Red
553,554,Groudnut,2.789,2.419,0.102,Red
554,555,Groudnut,2.03,3.352,0.209,Red
555,556,Groudnut,1.312,3.104,0.714,Red
556,557,Groudnut,0.109,1.574,0.991,Red
557,558,Groudnut,2.882,3.215,0.101,Red
558,559,Groudnut,2.224,1.916,0.161,Red
559,560,Groudnut,2.176,2.151,0.443,Red
560,561,Groudnut,1.152,3.216,0.557,Red
561,562,Groudnut,0.261,2,0.489,Red
562,563,Groudnut,2.802,3.166,0.821,Red
563,564,Groudnut,2.315,1.558,0.808,Red
564,565,Groudnut,1.508,1.54,0.553,Red
565,566,Groudnut,0.317,3.078,0.61,Red
566,567,Groudnut,1.359,2.654,0.135,Red
567,568,Groudnut,2.182,2.811,0.82,Red
568,569,Groudnut,1.202,3.075,0.133,Red
569,570,Groudnut,2.851,2.82,0.932,Red
570,571,Groudnut,2.109,2.766,0.705,Red
571,572,Groudnut,0.056,2.908,0.504,Red
572,573,Groudnut,0.212,2.856,0.78,Red
573,574,Groudnut,0.01,1.844,0.741,Red
574,575,Groudnut,0.662,3.325,0.947,Red
575,576,Groudnut,2.33,2.014,0.326,Red
576,577,Groudnut,1.17,2.532,0.202,Red
577,578,Groudnut,0.099,1.514,0.313,Red
578,579,Groudnut,1.285,1.942,0.846,Red
579,580,Groudnut,0.664,3.042,0.33,Red
580,581,Groudnut,1.993,2.9,0.263,Red
581,582,Groudnut,1.061,3.129,0.224,Red
582,583,Groudnut,2.825,3.362,0.811,Red
583,584,Groudnut,1.656,2.583,0.596,Red
584,585,Groudnut,1.03,2.673,0.278,Red
585,586,Groudnut,1.988,3.313,0.575,Red
586,587,Groudnut,2.218,2.499,0.416,Red
587,588,Groudnut,0.904,1.755,0.171,Red
588,589,Groudnut,2.873,3.112,0.665,Red
589,590,Groudnut,2.315,2.326,0.326,Red
590,591,Groudnut,1.827,1.811,0.429,Red
591,592,Groudnut,1.218,1.942,0.017,Red
592,593,Groudnut,1.385,2.611,0.432,Red
593,594,Groudnut,2.555,3.226,0.822,Red
594,595,Groudnut,0.603,1.678,0.714,Red
595,596,Groudnut,2.891,3.47,0.983,Red
596,597,Groudnut,2.069,2.393,0.844,Red
597,598,Groudnut,1.961,2.965,0.831,Red
598,599,Groudnut,0.724,1.965,0.194,Red
599,600,Groudnut,1.465,1.826,0.333,Red
600,601,Wheat,14.656,5.232,0.367,Alluvial
601,602,Wheat,14.086,6.243,0.318,Alluvial
602,603,Wheat,14.569,5.442,0.533,Alluvial
603,604,Wheat,14.652,5.895,0.489,Alluvial
604,605,Wheat,14.109,5.425,0.005,Alluvial
605,606,Wheat,15.537,6.356,0.53,Alluvial
606,607,Wheat,14.43,5.966,0.903,Alluvial
607,608,Wheat,13.96,6.379,0.858,Alluvial
608,609,Wheat,16.139,5.555,0.039,Alluvial
609,610,Wheat,12.17,5.955,0.966,Alluvial
610,611,Wheat,14.974,6.283,0.552,Alluvial
611,612,Wheat,16.245,6.806,0.939,Alluvial
612,613,Wheat,16.319,5.484,0.224,Alluvial
613,614,Wheat,13.699,6.943,0.991,Alluvial
614,615,Wheat,12.605,5.91,0.988,Alluvial
615,616,Wheat,12.342,5.035,0.119,Alluvial
616,617,Wheat,16.271,6.136,0.784,Alluvial
617,618,Wheat,12.025,6.951,0.662,Alluvial
618,619,Wheat,14.864,5.847,0.08,Alluvial
619,620,Wheat,15.058,6.246,0.603,Alluvial
620,621,Wheat,15.991,6.782,0.644,Alluvial
621,622,Wheat,12.257,5.121,0.715,Alluvial
622,623,Wheat,16.042,5.119,0.869,Alluvial
623,624,Wheat,13.862,5.253,0.315,Alluvial
624,625,Wheat,14.903,6.235,0.4,Alluvial
625,626,Wheat,13.708,6.335,0.501,Alluvial
626,627,Wheat,12.399,5.259,0.57,Alluvial
627,628,Wheat,14.736,6.098,0.584,Alluvial
628,629,Wheat,12.454,5.071,0.254,Alluvial
629,630,Wheat,13.225,6.272,0.252,Alluvial
630,631,Wheat,12.174,6.15,0.111,Alluvial
631,632,Wheat,15.294,6.784,0.414,Alluvial
632,633,Wheat,13.247,6.579,0.215,Alluvial
633,634,Wheat,14.035,6.723,0.96,Alluvial
634,635,Wheat,12.504,5.324,0.607,Alluvial
635,636,Wheat,16.316,6.247,0.221,Alluvial
636,637,Wheat,15.727,5.417,0.756,Alluvial
637,638,Wheat,16.193,5.352,0.335,Alluvial
638,639,Wheat,16.133,5.278,0.324,Alluvial
639,640,Wheat,15.485,6.522,0.992,Alluvial
640,641,Wheat,12.232,5.3,0.076,Alluvial
641,642,Wheat,14.603,5.536,0.899,Alluvial
642,643,Wheat,13.086,5.201,0.998,Alluvial
643,644,Wheat,12.611,5.049,0.488,Alluvial
644,645,Wheat,12.107,5.579,0.331,Alluvial
645,646,Wheat,13.736,5.27,0.889,Alluvial
646,647,Wheat,14.043,6.7,0.304,Alluvial
647,648,Wheat,14.838,6.815,0.649,Alluvial
648,649,Wheat,14.134,5.527,0.833,Alluvial
649,650,Wheat,13.178,5.855,0.825,Alluvial
650,651,Wheat,14.297,6.022,0.876,Alluvial
651,652,Wheat,15.355,6.552,0.426,Alluvial
652,653,Wheat,15.378,6.018,0.552,Alluvial
653,654,Wheat,14.369,6.191,0.914,Alluvial
654,655,Wheat,12.934,5.822,0.669,Alluvial
655,656,Wheat,16.062,5.72,0.514,Alluvial
656,657,Wheat,16.142,6.742,0.356,Alluvial
657,658,Wheat,13.395,6.029,0.976,Alluvial
658,659,Wheat,13.601,6.128,0.339,Alluvial
659,660,Wheat,15.394,6.419,0.273,Alluvial
660,661,Wheat,15.655,6.906,0.508,Alluvial
661,662,Wheat,12.676,5.831,0.345,Alluvial
662,663,Wheat,15.168,5.845,0.336,Alluvial
663,664,Wheat,12.74,5.956,0.455,Alluvial
664,665,Wheat,16.12,5.564,0.447,Alluvial
665,666,Wheat,12.636,6.441,0.87,Alluvial
666,667,Wheat,15.444,6.672,0.307,Alluvial
667,668,Wheat,13.803,6.914,0.557,Alluvial
668,669,Wheat,14.668,6.333,0.788,Alluvial
669,670,Wheat,12.586,5.381,0.281,Alluvial
670,671,Wheat,14.49,5.266,0.228,Alluvial
671,672,Wheat,12.461,5.536,0.085,Alluvial
672,673,Wheat,16.278,5.786,0.409,Alluvial
673,674,Wheat,15.808,5.953,0.094,Alluvial
674,675,Wheat,12.268,6.744,0.057,Alluvial
675,676,Wheat,12.291,6.784,0.831,Alluvial
676,677,Wheat,12.069,5.971,0.304,Alluvial
677,678,Wheat,14.596,5.986,0.386,Alluvial
678,679,Wheat,15.417,6.817,0.479,Alluvial
679,680,Wheat,15.657,5.687,0.817,Alluvial
680,681,Wheat,16.356,5.983,0.899,Alluvial
681,682,Wheat,14.012,5.524,0.952,Alluvial
682,683,Wheat,12.442,5.785,0.832,Alluvial
683,684,Wheat,12.393,6.235,0.843,Alluvial
684,685,Wheat,13.026,5.605,0.455,Alluvial
685,686,Wheat,15.028,5.98,0.765,Alluvial
686,687,Wheat,14.886,6.733,0.143,Alluvial
687,688,Wheat,13.71,5.979,0.179,Alluvial
688,689,Wheat,16.287,6.55,0.815,Alluvial
689,690,Wheat,12.653,5.009,0.01,Alluvial
690,691,Wheat,14.871,5.274,0.362,Alluvial
691,692,Wheat,13.109,5.635,0.372,Alluvial
692,693,Wheat,14.548,5.447,0.01,Alluvial
693,694,Wheat,15.026,6.944,0.393,Alluvial
694,695,Wheat,14.458,6.697,0.406,Alluvial
695,696,Wheat,13.922,6.087,0.22,Alluvial
696,697,Wheat,14.272,5.298,0.558,Alluvial
697,698,Wheat,16.251,6.49,0.057,Alluvial
698,699,Wheat,14.417,5.498,0.893,Alluvial
699,700,Wheat,13.547,6.064,0.077,Alluvial
700,701,Wheat,13.708,5.523,0.681,Alluvial
701,702,Wheat,15.698,6.911,0.888,Alluvial
702,703,Wheat,12,5.011,0.184,Alluvial
703,704,Wheat,14.491,6.437,0.681,Alluvial
704,705,Wheat,12.752,5.169,0.767,Alluvial
705,706,Wheat,14.169,6.698,0.35,Alluvial
706,707,Wheat,13.383,5.664,0.58,Alluvial
707,708,Wheat,16.02,6.026,0.785,Alluvial
708,709,Wheat,12.27,5.676,0.147,Alluvial
709,710,Wheat,12.424,5.228,0.959,Alluvial
710,711,Wheat,12.046,6.272,0.892,Alluvial
711,712,Wheat,13.053,5.856,0.168,Alluvial
712,713,Wheat,16.465,6.064,0.386,Alluvial
713,714,Wheat,12.963,6.301,0.643,Alluvial
714,715,Wheat,13.172,6.295,0.48,Alluvial
715,716,Wheat,12.872,5.433,0.004,Alluvial
716,717,Wheat,12.752,5.785,0.581,Alluvial
717,718,Wheat,15.603,6.518,0.042,Alluvial
718,719,Wheat,12.597,6.86,0.795,Alluvial
719,720,Wheat,14.765,6.538,0.867,Alluvial
720,721,Wheat,13.796,5.365,0.799,Alluvial
721,722,Wheat,14.671,5.859,0.059,Alluvial
722,723,Wheat,14.898,5.762,0.966,Alluvial
723,724,Wheat,13.195,5.619,0.079,Alluvial
724,725,Wheat,15.205,5.674,0.942,Alluvial
725,726,Wheat,12.243,5.381,0.549,Alluvial
726,727,Wheat,12.652,6.935,0.206,Alluvial
727,728,Wheat,13.815,6.714,0.747,Alluvial
728,729,Wheat,15.264,6.246,0.273,Alluvial
729,730,Wheat,12.583,5.616,0.029,Alluvial
730,731,Wheat,16.052,6.655,0.025,Alluvial
731,732,Wheat,14.314,6.183,0.161,Alluvial
732,733,Wheat,12.762,6.787,0.828,Alluvial
733,734,Wheat,12.46,5.196,0.769,Alluvial
734,735,Wheat,14.926,6.315,0.547,Alluvial
735,736,Wheat,12.28,6.421,0.77,Alluvial
736,737,Wheat,13.629,6.465,0.406,Alluvial
737,738,Wheat,16.128,5.011,0.467,Alluvial
738,739,Wheat,14.251,6.698,0.021,Alluvial
739,740,Wheat,12.952,6.745,0.392,Alluvial
740,741,Wheat,15.493,6.606,0.766,Alluvial
741,742,Wheat,16.493,5.479,0.003,Alluvial
742,743,Wheat,15.24,5.285,0.363,Alluvial
743,744,Wheat,15.52,5.132,0.3,Alluvial
744,745,Wheat,14.29,5.784,0.197,Alluvial
745,746,Wheat,12.725,5.874,0.667,Alluvial
746,747,Wheat,16.48,5.91,0.516,Alluvial
747,748,Wheat,13.572,5.755,0.05,Alluvial
748,749,Wheat,15.88,5.153,0.456,Alluvial
749,750,Wheat,16.293,6.566,0.078,Alluvial
750,751,Wheat,16.334,6.794,0.831,Alluvial
751,752,Wheat,15.44,5.442,0.651,Alluvial
752,753,Wheat,12.544,5.152,0.187,Alluvial
753,754,Wheat,12.434,5.309,0.857,Alluvial
754,755,Wheat,12.529,6.854,0.997,Alluvial
755,756,Wheat,15.216,6.437,0.05,Alluvial
756,757,Wheat,13.668,5.276,0.2,Alluvial
757,758,Wheat,13.165,6.907,0.613,Alluvial
758,759,Wheat,14.999,6.321,0.228,Alluvial
759,760,Wheat,12.133,5.957,0.081,Alluvial
760,761,Wheat,16.273,5.677,0.262,Alluvial
761,762,Wheat,14.1,6.843,0.471,Alluvial
762,763,Wheat,16.214,6.723,0.391,Alluvial
763,764,Wheat,15.195,6.44,0.339,Alluvial
764,765,Wheat,16.458,5.705,0.922,Alluvial
765,766,Wheat,16.173,6.059,0.486,Alluvial
766,767,Wheat,16.012,6.686,0.264,Alluvial
767,768,Wheat,12.677,6.398,0.152,Alluvial
768,769,Wheat,15.841,6.099,0.932,Alluvial
769,770,Wheat,14.403,6.983,0.448,Alluvial
770,771,Wheat,14,6.628,0.952,Alluvial
771,772,Wheat,13.356,6.613,0.46,Alluvial
772,773,Wheat,15.138,5.894,0.911,Alluvial
773,774,Wheat,15.543,5.047,0.006,Alluvial
774,775,Wheat,14.515,6.759,0.354,Alluvial
775,776,Wheat,15.452,5.839,0.341,Alluvial
776,777,Wheat,15.147,6.759,0.374,Alluvial
777,778,Wheat,13.154,5.46,0.401,Alluvial
778,779,Wheat,12.893,5.836,0.198,Alluvial
779,780,Wheat,12.741,5.917,0.735,Alluvial
780,781,Wheat,12.303,6.558,0.78,Alluvial
781,782,Wheat,15.463,6.379,0.9,Alluvial
782,783,Wheat,13.187,6.399,0.053,Alluvial
783,784,Wheat,12.1,6.746,0.195,Alluvial
784,785,Wheat,12.726,5.678,0.995,Alluvial
785,786,Wheat,12.959,5.887,0.682,Alluvial
786,787,Wheat,14.575,6.142,0.386,Alluvial
787,788,Wheat,12.988,5.358,0.393,Alluvial
788,789,Wheat,15.622,5.172,0.9,Alluvial
789,790,Wheat,13.062,6.527,0.938,Alluvial
790,791,Wheat,16.416,6.053,0.699,Alluvial
791,792,Wheat,12.308,5.188,0.205,Alluvial
792,793,Wheat,15.646,5.838,0.715,Alluvial
793,794,Wheat,16.092,5.794,0.337,Alluvial
794,795,Wheat,14.127,5.832,0.714,Alluvial
795,796,Wheat,15.238,5.822,0.486,Alluvial
796,797,Wheat,13.704,6.925,0.422,Alluvial
797,798,Wheat,13.032,5.448,0.437,Alluvial
798,799,Wheat,14.162,6.424,0.286,Alluvial
799,800,Wheat,12.455,5.231,0.941,Alluvial
800,801,Sugarcane,15.386,6.188,5.843,Alluvial
801,802,Sugarcane,15.658,6.984,5.878,Alluvial
802,803,Sugarcane,12.513,6.071,6.905,Alluvial
803,804,Sugarcane,13.553,5.042,6.776,Alluvial
804,805,Sugarcane,12.707,5.638,6.487,Alluvial
805,806,Sugarcane,14.279,5.526,5.549,Alluvial
806,807,Sugarcane,12.101,5.449,6.33,Alluvial
807,808,Sugarcane,16.264,6.27,6.092,Alluvial
808,809,Sugarcane,15.299,6.683,6.869,Alluvial
809,810,Sugarcane,12.957,5.224,5.559,Alluvial
810,811,Sugarcane,14.989,6.195,6.558,Alluvial
811,812,Sugarcane,14.79,5.939,6.671,Alluvial
812,813,Sugarcane,16.124,5.427,6.81,Alluvial
813,814,Sugarcane,13.559,6.748,6.079,Alluvial
814,815,Sugarcane,13.888,6.998,5.629,Alluvial
815,816,Sugarcane,14.234,6.701,5.527,Alluvial
816,817,Sugarcane,14.328,5.887,5.558,Alluvial
817,818,Sugarcane,13.921,6.884,5.803,Alluvial
818,819,Sugarcane,15.232,5.134,6.534,Alluvial
819,820,Sugarcane,14.36,6.702,6.079,Alluvial
820,821,Sugarcane,15.833,6.876,6.645,Alluvial
821,822,Sugarcane,15.011,6.27,6.066,Alluvial
822,823,Sugarcane,13.699,5.925,5.848,Alluvial
823,824,Sugarcane,12.007,5.873,6.791,Alluvial
824,825,Sugarcane,12.28,6.604,6.147,Alluvial
825,826,Sugarcane,14.076,5.605,5.632,Alluvial
826,827,Sugarcane,13.866,5.366,5.77,Alluvial
827,828,Sugarcane,14.256,5.528,6.383,Alluvial
828,829,Sugarcane,13.161,5.715,6.979,Alluvial
829,830,Sugarcane,13.948,5.87,5.846,Alluvial
830,831,Sugarcane,15.643,5.151,6.637,Alluvial
831,832,Sugarcane,14.276,5.973,5.556,Alluvial
832,833,Sugarcane,13.415,5.348,5.965,Alluvial
833,834,Sugarcane,12.502,5.053,6.364,Alluvial
834,835,Sugarcane,16.294,6.764,5.834,Alluvial
835,836,Sugarcane,15.961,6.069,5.696,Alluvial
836,837,Sugarcane,16.449,6.326,5.962,Alluvial
837,838,Sugarcane,15.514,5.286,6.916,Alluvial
838,839,Sugarcane,15.001,6.129,6.65,Alluvial
839,840,Sugarcane,13.368,5.755,6.214,Alluvial
840,841,Sugarcane,15.228,5.723,6.511,Alluvial
841,842,Sugarcane,14.877,5.998,5.795,Alluvial
842,843,Sugarcane,14.361,6.77,5.981,Alluvial
843,844,Sugarcane,12.423,5.646,6.49,Alluvial
844,845,Sugarcane,14.587,6.395,6.578,Alluvial
845,846,Sugarcane,14.967,6.405,5.562,Alluvial
846,847,Sugarcane,13.481,5.96,6.731,Alluvial
847,848,Sugarcane,12.084,6.303,5.89,Alluvial
848,849,Sugarcane,12.312,6.897,6.058,Alluvial
849,850,Sugarcane,14.937,6.367,5.927,Alluvial
850,851,Sugarcane,13.209,5.197,6.876,Alluvial
851,852,Sugarcane,15.934,6.347,6.705,Alluvial
852,853,Sugarcane,16.108,5.312,6.766,Alluvial
853,854,Sugarcane,15.116,6.148,6.855,Alluvial
854,855,Sugarcane,15.418,6.558,6.042,Alluvial
855,856,Sugarcane,14.005,5.461,6.316,Alluvial
856,857,Sugarcane,12.021,6.933,6.903,Alluvial
857,858,Sugarcane,14.895,6.651,6.316,Alluvial
858,859,Sugarcane,12.387,6.993,6.914,Alluvial
859,860,Sugarcane,14.485,5.407,6.332,Alluvial
860,861,Sugarcane,14.023,6.105,6.017,Alluvial
861,862,Sugarcane,15.536,5.248,5.678,Alluvial
862,863,Sugarcane,14.133,6.446,6.157,Alluvial
863,864,Sugarcane,12.15,5.793,6.336,Alluvial
864,865,Sugarcane,15.77,6.506,6.079,Alluvial
865,866,Sugarcane,13.962,5.974,6.356,Alluvial
866,867,Sugarcane,14.544,5.926,5.606,Alluvial
867,868,Sugarcane,13.008,5.787,6.299,Alluvial
868,869,Sugarcane,13.02,5.961,6.444,Alluvial
869,870,Sugarcane,13.268,6.124,5.696,Alluvial
870,871,Sugarcane,12.316,5.193,6.639,Alluvial
871,872,Sugarcane,12.97,5.879,6.183,Alluvial
872,873,Sugarcane,13.408,6.302,6.349,Alluvial
873,874,Sugarcane,13.317,5.738,6.581,Alluvial
874,875,Sugarcane,13.499,6.078,6.814,Alluvial
875,876,Sugarcane,13.626,5.67,6.237,Alluvial
876,877,Sugarcane,15.837,6.461,5.746,Alluvial
877,878,Sugarcane,14.094,6.254,6.185,Alluvial
878,879,Sugarcane,13.326,5.611,6.825,Alluvial
879,880,Sugarcane,12.673,6.236,6.351,Alluvial
880,881,Sugarcane,16.412,5.03,5.825,Alluvial
881,882,Sugarcane,15.535,5.182,6.1,Alluvial
882,883,Sugarcane,15.36,5.801,5.736,Alluvial
883,884,Sugarcane,13.144,6.404,5.833,Alluvial
884,885,Sugarcane,15.516,6.878,6.882,Alluvial
885,886,Sugarcane,14.904,5.913,5.544,Alluvial
886,887,Sugarcane,14.667,5.347,6.116,Alluvial
887,888,Sugarcane,12.555,5.394,6.747,Alluvial
888,889,Sugarcane,13.937,5.146,5.719,Alluvial
889,890,Sugarcane,14.619,6.922,6.98,Alluvial
890,891,Sugarcane,12.228,6.928,6.83,Alluvial
891,892,Sugarcane,12.092,5.783,6.162,Alluvial
892,893,Sugarcane,14.856,5.34,5.68,Alluvial
893,894,Sugarcane,13.736,5.12,6.931,Alluvial
894,895,Sugarcane,12.223,5.035,6.38,Alluvial
895,896,Sugarcane,14.315,5.686,6.709,Alluvial
896,897,Sugarcane,14.64,5.853,6.908,Alluvial
897,898,Sugarcane,12.102,5.806,5.537,Alluvial
898,899,Sugarcane,13.208,5.963,6.417,Alluvial
899,900,Sugarcane,14.111,5.971,6.652,Alluvial
900,901,Sugarcane,12.317,5.81,5.657,Alluvial
901,902,Sugarcane,15.718,6.459,6.386,Alluvial
902,903,Sugarcane,14.163,6.42,6.29,Alluvial
903,904,Sugarcane,16.358,6.849,5.608,Alluvial
904,905,Sugarcane,14.125,6.385,5.735,Alluvial
905,906,Sugarcane,12.74,6.178,6.258,Alluvial
906,907,Sugarcane,13.646,5.838,5.647,Alluvial
907,908,Sugarcane,16.343,6.615,5.525,Alluvial
908,909,Sugarcane,15.727,6.927,6.812,Alluvial
909,910,Sugarcane,14.06,5.091,5.618,Alluvial
910,911,Sugarcane,13.168,5.615,5.646,Alluvial
911,912,Sugarcane,13.892,5.177,5.648,Alluvial
912,913,Sugarcane,14.449,5.859,6.196,Alluvial
913,914,Sugarcane,13.747,5.573,6.417,Alluvial
914,915,Sugarcane,15.308,6.934,5.524,Alluvial
915,916,Sugarcane,15.408,6.445,5.814,Alluvial
916,917,Sugarcane,16.469,6.548,5.853,Alluvial
917,918,Sugarcane,12.869,6.06,5.722,Alluvial
918,919,Sugarcane,14.341,6.667,5.597,Alluvial
919,920,Sugarcane,13.034,5.894,6.205,Alluvial
920,921,Sugarcane,12.144,6.315,6.957,Alluvial
921,922,Sugarcane,16.4,5.986,5.763,Alluvial
922,923,Sugarcane,14.628,6.707,6.274,Alluvial
923,924,Sugarcane,14.313,5.41,6.834,Alluvial
924,925,Sugarcane,13.179,6.342,6.203,Alluvial
925,926,Sugarcane,15.149,6.745,6.201,Alluvial
926,927,Sugarcane,15.145,6.642,6.603,Alluvial
927,928,Sugarcane,15.86,6.499,6.495,Alluvial
928,929,Sugarcane,12.978,6.261,6.308,Alluvial
929,930,Sugarcane,15.941,5.397,6.266,Alluvial
930,931,Sugarcane,15.578,5.611,6.565,Alluvial
931,932,Sugarcane,14.813,5.775,6.867,Alluvial
932,933,Sugarcane,12.718,6.742,6.531,Alluvial
933,934,Sugarcane,12.608,5.954,5.748,Alluvial
934,935,Sugarcane,12.498,5.565,5.765,Alluvial
935,936,Sugarcane,13.25,6.908,6.198,Alluvial
936,937,Sugarcane,12.457,5.45,5.698,Alluvial
937,938,Sugarcane,13.487,5.322,6.68,Alluvial
938,939,Sugarcane,15.294,5.705,5.857,Alluvial
939,940,Sugarcane,12.652,5.842,6.518,Alluvial
940,941,Sugarcane,13.036,5.204,6.357,Alluvial
941,942,Sugarcane,15.143,6.452,5.583,Alluvial
942,943,Sugarcane,12.316,6.775,6.318,Alluvial
943,944,Sugarcane,14.185,5.014,5.884,Alluvial
944,945,Sugarcane,13.318,5.393,6.43,Alluvial
945,946,Sugarcane,16.449,5.773,6.125,Alluvial
946,947,Sugarcane,13.397,6.354,6.272,Alluvial
947,948,Sugarcane,13.499,6.329,6.359,Alluvial
948,949,Sugarcane,14.115,6.608,5.583,Alluvial
949,950,Sugarcane,14.997,6.278,6.12,Alluvial
950,951,Sugarcane,13.181,6.292,6.159,Alluvial
951,952,Sugarcane,14.106,5.462,6.65,Alluvial
952,953,Sugarcane,12.852,5.2,5.768,Alluvial
953,954,Sugarcane,16.005,5.788,6.515,Alluvial
954,955,Sugarcane,12.354,6.218,5.707,Alluvial
955,956,Sugarcane,14.805,6.488,6.223,Alluvial
956,957,Sugarcane,14.781,5.964,6.34,Alluvial
957,958,Sugarcane,16.136,6.596,6.058,Alluvial
958,959,Sugarcane,12.295,6.546,6.733,Alluvial
959,960,Sugarcane,16.014,5.197,6.721,Alluvial
960,961,Sugarcane,14.15,6.796,6.914,Alluvial
961,962,Sugarcane,14.919,6.716,5.885,Alluvial
962,963,Sugarcane,14.946,5.016,6.547,Alluvial
963,964,Sugarcane,13.673,6.475,5.714,Alluvial
964,965,Sugarcane,15.476,5.33,5.831,Alluvial
965,966,Sugarcane,16.006,5.483,5.621,Alluvial
966,967,Sugarcane,14.637,6.892,6.219,Alluvial
967,968,Sugarcane,14.496,5.873,6.58,Alluvial
968,969,Sugarcane,14.01,5.715,6.926,Alluvial
969,970,Sugarcane,14.608,5.002,6.04,Alluvial
970,971,Sugarcane,15.16,5.02,6.367,Alluvial
971,972,Sugarcane,15.752,6.244,6.95,Alluvial
972,973,Sugarcane,13.394,5.608,5.819,Alluvial
973,974,Sugarcane,15.755,5.55,6.813,Alluvial
974,975,Sugarcane,15.104,6.44,6.439,Alluvial
975,976,Sugarcane,15.291,5.366,5.66,Alluvial
976,977,Sugarcane,13.181,6.761,6.961,Alluvial
977,978,Sugarcane,12.692,5.493,6.388,Alluvial
978,979,Sugarcane,13.263,5.698,5.938,Alluvial
979,980,Sugarcane,14.506,5.014,5.562,Alluvial
980,981,Sugarcane,13.137,6.437,5.657,Alluvial
981,982,Sugarcane,15.686,6.08,6.264,Alluvial
982,983,Sugarcane,15.026,5.216,5.599,Alluvial
983,984,Sugarcane,16.021,6.164,6.102,Alluvial
984,985,Sugarcane,15.58,6.166,6.789,Alluvial
985,986,Sugarcane,12.48,6.473,5.801,Alluvial
986,987,Sugarcane,14.773,6.126,5.87,Alluvial
987,988,Sugarcane,15.316,5.626,5.786,Alluvial
988,989,Sugarcane,15.867,6.446,6.025,Alluvial
989,990,Sugarcane,16.099,6.478,5.733,Alluvial
990,991,Sugarcane,14.536,5.042,5.744,Alluvial
991,992,Sugarcane,16.262,6.229,5.682,Alluvial
992,993,Sugarcane,12.127,6.041,6.835,Alluvial
993,994,Sugarcane,13.04,6.944,5.64,Alluvial
994,995,Sugarcane,15.919,6.154,5.823,Alluvial
995,996,Sugarcane,13.67,5.003,6.83,Alluvial
996,997,Sugarcane,12.135,5.805,6.691,Alluvial
997,998,Sugarcane,15.446,5.354,6.657,Alluvial
998,999,Sugarcane,14.925,6.945,5.515,Alluvial
999,1000,Sugarcane,13.445,5.203,5.638,Alluvial
1000,1001,Potato,18.793,6.711,9.339,Alluvial
1001,1002,Potato,16.532,6.585,8.828,Alluvial
1002,1003,Potato,18.303,5.739,9.432,Alluvial
1003,1004,Potato,15.118,5.903,9.262,Alluvial
1004,1005,Potato,18.349,6.238,9.992,Alluvial
1005,1006,Potato,15.871,5.311,9.263,Alluvial
1006,1007,Potato,16.572,5.549,8.748,Alluvial
1007,1008,Potato,16.543,5.935,9.24,Alluvial
1008,1009,Potato,15.552,6.053,8.625,Alluvial
1009,1010,Potato,19.02,5.494,9.286,Alluvial
1010,1011,Potato,16.192,5.817,9.33,Alluvial
1011,1012,Potato,17.836,6.394,8.891,Alluvial
1012,1013,Potato,16.577,5.782,8.653,Alluvial
1013,1014,Potato,15.249,6.134,9.38,Alluvial
1014,1015,Potato,16.167,6.429,9.217,Alluvial
1015,1016,Potato,15.31,5.82,9.662,Alluvial
1016,1017,Potato,18.54,6.294,8.723,Alluvial
1017,1018,Potato,17.432,5.546,9.016,Alluvial
1018,1019,Potato,15.106,5.894,8.883,Alluvial
1019,1020,Potato,17.312,5.49,9.303,Alluvial
1020,1021,Potato,17.239,5.095,9.658,Alluvial
1021,1022,Potato,19.08,6.536,8.788,Alluvial
1022,1023,Potato,16.528,5.832,8.93,Alluvial
1023,1024,Potato,16.599,6.383,9.011,Alluvial
1024,1025,Potato,16.109,5.662,8.562,Alluvial
1025,1026,Potato,16.911,6.702,8.634,Alluvial
1026,1027,Potato,16.713,5.582,9.442,Alluvial
1027,1028,Potato,18.869,5.841,9.207,Alluvial
1028,1029,Potato,17.265,6.87,9.299,Alluvial
1029,1030,Potato,15.346,5.175,9.865,Alluvial
1030,1031,Potato,15.56,6.732,8.639,Alluvial
1031,1032,Potato,15.073,6.234,9.269,Alluvial
1032,1033,Potato,15.22,5.058,9.937,Alluvial
1033,1034,Potato,16.906,6.423,9.133,Alluvial
1034,1035,Potato,18.636,6.196,9.484,Alluvial
1035,1036,Potato,19.453,5.358,9.17,Alluvial
1036,1037,Potato,17.567,5.732,9.874,Alluvial
1037,1038,Potato,18.13,5.954,9.746,Alluvial
1038,1039,Potato,15.019,5.595,9.783,Alluvial
1039,1040,Potato,18.977,6.795,9.306,Alluvial
1040,1041,Potato,17.793,5.142,9.75,Alluvial
1041,1042,Potato,18.336,6.355,9.528,Alluvial
1042,1043,Potato,18.24,6.578,9.393,Alluvial
1043,1044,Potato,15.159,6.997,8.58,Alluvial
1044,1045,Potato,18.567,6.213,9.678,Alluvial
1045,1046,Potato,18.766,6.969,9.509,Alluvial
1046,1047,Potato,17.506,6.117,9.796,Alluvial
1047,1048,Potato,16.722,5.322,8.916,Alluvial
1048,1049,Potato,19.481,6.361,9.314,Alluvial
1049,1050,Potato,18.077,5.075,9.033,Alluvial
1050,1051,Potato,15.725,5.573,8.976,Alluvial
1051,1052,Potato,17.899,5.824,8.956,Alluvial
1052,1053,Potato,16.987,6.443,9.428,Alluvial
1053,1054,Potato,17.535,6.169,8.609,Alluvial
1054,1055,Potato,17.827,5.832,9.598,Alluvial
1055,1056,Potato,18.068,6.77,9.748,Alluvial
1056,1057,Potato,16.439,5.054,9.643,Alluvial
1057,1058,Potato,18.481,5.712,9.865,Alluvial
1058,1059,Potato,16.556,5.337,9.703,Alluvial
1059,1060,Potato,16.408,6.614,8.615,Alluvial
1060,1061,Potato,15.11,5.502,9.862,Alluvial
1061,1062,Potato,18.157,6.01,8.504,Alluvial
1062,1063,Potato,18.278,6.794,8.877,Alluvial
1063,1064,Potato,16.391,6.77,9.655,Alluvial
1064,1065,Potato,18.813,6.443,9.232,Alluvial
1065,1066,Potato,15.708,5.721,9.692,Alluvial
1066,1067,Potato,15.919,6.387,9.112,Alluvial
1067,1068,Potato,19.244,6.568,8.61,Alluvial
1068,1069,Potato,18.184,5.198,8.533,Alluvial
1069,1070,Potato,15.433,5.752,9.036,Alluvial
1070,1071,Potato,18.052,5.922,9.381,Alluvial
1071,1072,Potato,18.367,5.431,9.528,Alluvial
1072,1073,Potato,18.577,5.149,9.45,Alluvial
1073,1074,Potato,18.439,6.933,8.56,Alluvial
1074,1075,Potato,17.304,5.051,9.101,Alluvial
1075,1076,Potato,16.774,6.5,9.046,Alluvial
1076,1077,Potato,15.787,5.682,9.864,Alluvial
1077,1078,Potato,18.643,5.419,8.873,Alluvial
1078,1079,Potato,16.819,5.554,8.599,Alluvial
1079,1080,Potato,15.815,5.016,8.59,Alluvial
1080,1081,Potato,15.189,5.185,9.836,Alluvial
1081,1082,Potato,16.762,6.633,9.116,Alluvial
1082,1083,Potato,16.906,5.881,9.78,Alluvial
1083,1084,Potato,17.645,6.941,9.754,Alluvial
1084,1085,Potato,17.606,6.851,8.521,Alluvial
1085,1086,Potato,15.482,6.921,8.625,Alluvial
1086,1087,Potato,15.751,6.312,9.548,Alluvial
1087,1088,Potato,15.123,6.188,9.102,Alluvial
1088,1089,Potato,16.314,5.536,8.878,Alluvial
1089,1090,Potato,19.246,5.875,9.457,Alluvial
1090,1091,Potato,15.385,5.783,9.669,Alluvial
1091,1092,Potato,17.062,5.227,9.935,Alluvial
1092,1093,Potato,18.988,6.798,8.864,Alluvial
1093,1094,Potato,17.504,6.696,8.979,Alluvial
1094,1095,Potato,15.969,6.204,9.454,Alluvial
1095,1096,Potato,18.765,5.009,8.705,Alluvial
1096,1097,Potato,17.265,5.24,9.091,Alluvial
1097,1098,Potato,19.193,5.1,9.088,Alluvial
1098,1099,Potato,19.254,5.07,9.731,Alluvial
1099,1100,Potato,17.261,5.735,9.442,Alluvial
1100,1101,Potato,18.818,6.652,9.933,Alluvial
1101,1102,Potato,16.996,5.38,9.507,Alluvial
1102,1103,Potato,16.304,6.782,9.862,Alluvial
1103,1104,Potato,19.477,5.356,9.472,Alluvial
1104,1105,Potato,17.368,5.669,9.493,Alluvial
1105,1106,Potato,18.001,5.096,8.965,Alluvial
1106,1107,Potato,18.929,5.61,9.406,Alluvial
1107,1108,Potato,18.48,6.43,8.948,Alluvial
1108,1109,Potato,18.979,5.697,9.498,Alluvial
1109,1110,Potato,17.058,5.211,9.249,Alluvial
1110,1111,Potato,19.474,6.672,9.004,Alluvial
1111,1112,Potato,15.005,6.568,9.884,Alluvial
1112,1113,Potato,15.342,5.181,8.879,Alluvial
1113,1114,Potato,16.149,5.598,8.913,Alluvial
1114,1115,Potato,15.853,6.769,8.984,Alluvial
1115,1116,Potato,19.044,5.175,9.656,Alluvial
1116,1117,Potato,16.486,6.142,8.911,Alluvial
1117,1118,Potato,16.728,5.949,9.157,Alluvial
1118,1119,Potato,15.104,5.82,8.876,Alluvial
1119,1120,Potato,16.414,6.917,8.903,Alluvial
1120,1121,Potato,17.254,6.399,9.771,Alluvial
1121,1122,Potato,16.636,6.49,9.114,Alluvial
1122,1123,Potato,19.499,5.612,9.23,Alluvial
1123,1124,Potato,15.933,5.723,9.045,Alluvial
1124,1125,Potato,18.983,6.424,9.716,Alluvial
1125,1126,Potato,19.12,5.494,9.49,Alluvial
1126,1127,Potato,16.123,5.465,9.283,Alluvial
1127,1128,Potato,17.835,6.317,9.562,Alluvial
1128,1129,Potato,15.181,6.473,9.051,Alluvial
1129,1130,Potato,18.371,6.383,9.574,Alluvial
1130,1131,Potato,17.819,6.739,9.065,Alluvial
1131,1132,Potato,19.294,6.828,9.938,Alluvial
1132,1133,Potato,16.11,5.158,9.222,Alluvial
1133,1134,Potato,17.309,5.16,9.494,Alluvial
1134,1135,Potato,15.627,5.928,9.616,Alluvial
1135,1136,Potato,19.392,5.711,9.979,Alluvial
1136,1137,Potato,16.528,6.916,9.828,Alluvial
1137,1138,Potato,18.315,6.147,9.686,Alluvial
1138,1139,Potato,15.281,6.779,9.154,Alluvial
1139,1140,Potato,15.515,6.389,9.204,Alluvial
1140,1141,Potato,18.236,5.571,8.666,Alluvial
1141,1142,Potato,15.259,6.253,8.811,Alluvial
1142,1143,Potato,18.816,6.567,9.846,Alluvial
1143,1144,Potato,17.866,5.741,9.763,Alluvial
1144,1145,Potato,16.446,5.922,9.925,Alluvial
1145,1146,Potato,17.126,6.57,9.452,Alluvial
1146,1147,Potato,18.293,6.975,8.963,Alluvial
1147,1148,Potato,15.222,5.253,8.965,Alluvial
1148,1149,Potato,15.598,6.228,9.509,Alluvial
1149,1150,Potato,16.921,5.879,9.106,Alluvial
1150,1151,Potato,16.805,6.695,9.173,Alluvial
1151,1152,Potato,16.68,6.239,8.672,Alluvial
1152,1153,Potato,17.12,6.673,9.414,Alluvial
1153,1154,Potato,16.472,5.565,8.592,Alluvial
1154,1155,Potato,19.471,5.125,9.952,Alluvial
1155,1156,Potato,19.316,5.661,9.076,Alluvial
1156,1157,Potato,17.748,6.38,9.939,Alluvial
1157,1158,Potato,15.281,5.417,8.675,Alluvial
1158,1159,Potato,19.425,6.217,8.995,Alluvial
1159,1160,Potato,17.461,5.629,9.667,Alluvial
1160,1161,Potato,15.238,6.366,8.943,Alluvial
1161,1162,Potato,15.57,6.896,9.339,Alluvial
1162,1163,Potato,17.339,5.453,8.69,Alluvial
1163,1164,Potato,18.994,6.837,8.794,Alluvial
1164,1165,Potato,17.162,6.205,9.375,Alluvial
1165,1166,Potato,17.203,5.932,9.393,Alluvial
1166,1167,Potato,18.56,5.559,8.995,Alluvial
1167,1168,Potato,15.382,6.396,9.536,Alluvial
1168,1169,Potato,17.2,6.706,9.827,Alluvial
1169,1170,Potato,17.236,6.782,9.48,Alluvial
1170,1171,Potato,16.624,5.439,8.955,Alluvial
1171,1172,Potato,18.069,5.156,9.485,Alluvial
1172,1173,Potato,16.046,6.313,9.614,Alluvial
1173,1174,Potato,15.987,5.851,8.986,Alluvial
1174,1175,Potato,16.212,5.335,8.919,Alluvial
1175,1176,Potato,17.543,6.186,8.761,Alluvial
1176,1177,Potato,17.462,6.363,9.554,Alluvial
1177,1178,Potato,15.085,6.559,8.688,Alluvial
1178,1179,Potato,18.206,6.177,9.515,Alluvial
1179,1180,Potato,17.991,5.744,9.641,Alluvial
1180,1181,Potato,17.398,6.089,9.572,Alluvial
1181,1182,Potato,16.884,5.063,9.424,Alluvial
1182,1183,Potato,18.824,6.742,8.777,Alluvial
1183,1184,Potato,18.004,5.939,9.595,Alluvial
1184,1185,Potato,19.452,5.012,9.227,Alluvial
1185,1186,Potato,15.361,6.575,8.511,Alluvial
1186,1187,Potato,15.196,6.347,9.86,Alluvial
1187,1188,Potato,16.134,5.354,9.838,Alluvial
1188,1189,Potato,17.662,6.085,9.784,Alluvial
1189,1190,Potato,16.398,6.448,9.481,Alluvial
1190,1191,Potato,15.759,6.298,8.905,Alluvial
1191,1192,Potato,15.101,5.48,8.57,Alluvial
1192,1193,Potato,15.036,6.576,9.696,Alluvial
1193,1194,Potato,16.752,5.415,8.924,Alluvial
1194,1195,Potato,17.781,5.997,9.207,Alluvial
1195,1196,Potato,18.535,5.04,9.603,Alluvial
1196,1197,Potato,16.389,6.289,9.396,Alluvial
1197,1198,Potato,16.933,6.893,9.913,Alluvial
1198,1199,Potato,16.395,5.932,9.569,Alluvial
1199,1200,Potato,17.741,6.422,9.303,Alluvial
1200,1201,Soyabeans,2.346,5.58,1.92,Black
1201,1202,Soyabeans,3.399,6.306,2.676,Black
1202,1203,Soyabeans,0.323,5.112,2.752,Black
1203,1204,Soyabeans,1.046,5.162,2.44,Black
1204,1205,Soyabeans,2,5.892,2.794,Black
1205,1206,Soyabeans,0.192,6.409,1.652,Black
1206,1207,Soyabeans,0.435,5.538,1.7,Black
1207,1208,Soyabeans,2.567,6.391,1.608,Black
1208,1209,Soyabeans,0.745,6.072,1.897,Black
1209,1210,Soyabeans,3.364,6.626,1.848,Black
1210,1211,Soyabeans,3.423,6.27,2.294,Black
1211,1212,Soyabeans,2.635,5.106,2.669,Black
1212,1213,Soyabeans,0.032,5.393,1.692,Black
1213,1214,Soyabeans,0.818,5.977,2.371,Black
1214,1215,Soyabeans,3.314,5.562,2.442,Black
1215,1216,Soyabeans,2.228,5.104,2.282,Black
1216,1217,Soyabeans,1.277,5.234,1.983,Black
1217,1218,Soyabeans,0.21,5.779,2.84,Black
1218,1219,Soyabeans,2.166,6.562,2.305,Black
1219,1220,Soyabeans,3.472,5.761,1.825,Black
1220,1221,Soyabeans,0.873,6.282,2.723,Black
1221,1222,Soyabeans,1.669,6.89,2.545,Black
1222,1223,Soyabeans,1.791,5.226,2.099,Black
1223,1224,Soyabeans,1.741,5.769,2.604,Black
1224,1225,Soyabeans,0.728,6.84,1.669,Black
1225,1226,Soyabeans,0.231,5.381,2.278,Black
1226,1227,Soyabeans,0.983,5.975,2.655,Black
1227,1228,Soyabeans,1.256,6.292,2.896,Black
1228,1229,Soyabeans,0.103,6.05,1.887,Black
1229,1230,Soyabeans,1.455,5.927,2.837,Black
1230,1231,Soyabeans,0.195,5.072,1.643,Black
1231,1232,Soyabeans,1.971,5.879,2.523,Black
1232,1233,Soyabeans,0.217,5.52,2.095,Black
1233,1234,Soyabeans,0.001,5.385,2.227,Black
1234,1235,Soyabeans,0.682,6.46,2.186,Black
1235,1236,Soyabeans,0.392,6.872,1.791,Black
1236,1237,Soyabeans,2.844,6.929,2.15,Black
1237,1238,Soyabeans,1.656,5.414,2.77,Black
1238,1239,Soyabeans,0.953,6.214,1.727,Black
1239,1240,Soyabeans,2.795,6.964,1.711,Black
1240,1241,Soyabeans,1.452,6.644,1.517,Black
1241,1242,Soyabeans,1.225,5.073,1.835,Black
1242,1243,Soyabeans,1.71,6.381,2.607,Black
1243,1244,Soyabeans,3.308,6.714,2.646,Black
1244,1245,Soyabeans,1.104,5.945,2.853,Black
1245,1246,Soyabeans,3.437,6.441,2.975,Black
1246,1247,Soyabeans,3.196,5.404,2.444,Black
1247,1248,Soyabeans,0.056,6.713,2.994,Black
1248,1249,Soyabeans,3.208,5.66,2.406,Black
1249,1250,Soyabeans,0.328,6.232,1.936,Black
1250,1251,Soyabeans,2.262,5.769,2.538,Black
1251,1252,Soyabeans,3.395,5.227,2.084,Black
1252,1253,Soyabeans,2.345,6.861,2.792,Black
1253,1254,Soyabeans,0.154,6.986,1.944,Black
1254,1255,Soyabeans,1.009,5.732,1.868,Black
1255,1256,Soyabeans,2.184,6.853,2.239,Black
1256,1257,Soyabeans,3.486,5.938,2.416,Black
1257,1258,Soyabeans,0.675,5.937,2.202,Black
1258,1259,Soyabeans,0.768,5.338,1.74,Black
1259,1260,Soyabeans,1.612,5.009,2.909,Black
1260,1261,Soyabeans,0.436,6.221,2.722,Black
1261,1262,Soyabeans,1.067,5.475,2.341,Black
1262,1263,Soyabeans,2.548,5.807,2.307,Black
1263,1264,Soyabeans,1.31,5.269,2.619,Black
1264,1265,Soyabeans,0.332,6.86,2.749,Black
1265,1266,Soyabeans,1.17,5.211,2.525,Black
1266,1267,Soyabeans,1.276,6.284,2.64,Black
1267,1268,Soyabeans,0.209,6.179,2.821,Black
1268,1269,Soyabeans,0.682,6.336,2.304,Black
1269,1270,Soyabeans,2.808,5.206,2.896,Black
1270,1271,Soyabeans,1.781,6.802,2.502,Black
1271,1272,Soyabeans,0.636,6.594,2.224,Black
1272,1273,Soyabeans,1.621,6.979,2.504,Black
1273,1274,Soyabeans,2.163,6.987,2.008,Black
1274,1275,Soyabeans,2.344,6.287,1.703,Black
1275,1276,Soyabeans,0.356,6.938,2.823,Black
1276,1277,Soyabeans,1.451,6.828,2.757,Black
1277,1278,Soyabeans,1.475,5.081,2.671,Black
1278,1279,Soyabeans,2.591,5.299,2.405,Black
1279,1280,Soyabeans,2.797,6.1,2.026,Black
1280,1281,Soyabeans,2.155,6.044,1.748,Black
1281,1282,Soyabeans,2.842,6.337,1.769,Black
1282,1283,Soyabeans,2.929,5.11,1.905,Black
1283,1284,Soyabeans,0.861,5.085,1.824,Black
1284,1285,Soyabeans,2.772,6.911,1.558,Black
1285,1286,Soyabeans,1.443,5.45,2.62,Black
1286,1287,Soyabeans,2.074,5.538,2.004,Black
1287,1288,Soyabeans,3.135,5.673,1.968,Black
1288,1289,Soyabeans,3.488,6.34,2.584,Black
1289,1290,Soyabeans,2.865,6.513,2.108,Black
1290,1291,Soyabeans,1.943,5.378,1.602,Black
1291,1292,Soyabeans,3.493,6.507,2.467,Black
1292,1293,Soyabeans,2.311,5.235,2.796,Black
1293,1294,Soyabeans,3.183,5.239,1.553,Black
1294,1295,Soyabeans,0.815,5.432,2.734,Black
1295,1296,Soyabeans,0.816,6.201,1.905,Black
1296,1297,Soyabeans,1.254,6.489,1.998,Black
1297,1298,Soyabeans,1.725,5.762,2.421,Black
1298,1299,Soyabeans,2.582,5.919,2.506,Black
1299,1300,Soyabeans,1.366,6.278,2.684,Black
1300,1301,Soyabeans,0.346,6.453,1.768,Black
1301,1302,Soyabeans,2.671,6.193,1.91,Black
1302,1303,Soyabeans,1.808,5.167,2.771,Black
1303,1304,Soyabeans,1.165,6.518,2.684,Black
1304,1305,Soyabeans,2.683,5.632,2.579,Black
1305,1306,Soyabeans,2.128,6.676,1.615,Black
1306,1307,Soyabeans,2.141,6.553,2.434,Black
1307,1308,Soyabeans,1.96,5.837,2.031,Black
1308,1309,Soyabeans,2.739,6.395,2.28,Black
1309,1310,Soyabeans,2.795,6.96,1.581,Black
1310,1311,Soyabeans,3.394,5.238,1.768,Black
1311,1312,Soyabeans,0.77,5.239,2.103,Black
1312,1313,Soyabeans,1.976,6.421,1.936,Black
1313,1314,Soyabeans,1.694,5.39,1.805,Black
1314,1315,Soyabeans,2.288,6.52,2.373,Black
1315,1316,Soyabeans,1.025,6.418,1.861,Black
1316,1317,Soyabeans,1.053,5.256,1.772,Black
1317,1318,Soyabeans,3.024,5.274,2.411,Black
1318,1319,Soyabeans,2.656,5.283,2.684,Black
1319,1320,Soyabeans,1.046,5.901,2.991,Black
1320,1321,Soyabeans,0.733,6.595,1.585,Black
1321,1322,Soyabeans,2.596,5.192,2.651,Black
1322,1323,Soyabeans,3.119,6.021,2.816,Black
1323,1324,Soyabeans,2.855,6.8,2.03,Black
1324,1325,Soyabeans,0.369,5.878,1.902,Black
1325,1326,Soyabeans,0.284,6.798,2.295,Black
1326,1327,Soyabeans,1.951,6.918,2.994,Black
1327,1328,Soyabeans,2.014,6.731,2.719,Black
1328,1329,Soyabeans,1.219,5.757,2.684,Black
1329,1330,Soyabeans,0.503,6.828,2.795,Black
1330,1331,Soyabeans,0.95,6.613,2.289,Black
1331,1332,Soyabeans,1.491,5.275,1.852,Black
1332,1333,Soyabeans,2.26,5.431,2.643,Black
1333,1334,Soyabeans,1.263,5.504,2.154,Black
1334,1335,Soyabeans,1.949,5.656,1.78,Black
1335,1336,Soyabeans,3.45,5.069,1.804,Black
1336,1337,Soyabeans,0.813,6.328,2.531,Black
1337,1338,Soyabeans,1.593,6.255,1.675,Black
1338,1339,Soyabeans,2.738,6.264,2.126,Black
1339,1340,Soyabeans,2.46,5.839,1.601,Black
1340,1341,Soyabeans,1.407,6.511,2.204,Black
1341,1342,Soyabeans,0.365,6.063,1.827,Black
1342,1343,Soyabeans,0.013,6.797,2.431,Black
1343,1344,Soyabeans,0.096,5.885,2.841,Black
1344,1345,Soyabeans,1.794,6.263,2.741,Black
1345,1346,Soyabeans,1.831,5.702,2.91,Black
1346,1347,Soyabeans,1.37,6.957,1.609,Black
1347,1348,Soyabeans,3.462,5.123,2.414,Black
1348,1349,Soyabeans,3.084,5.822,2.212,Black
1349,1350,Soyabeans,1.802,5.471,2.574,Black
1350,1351,Soyabeans,0.347,5.303,2.964,Black
1351,1352,Soyabeans,2.597,5.178,1.666,Black
1352,1353,Soyabeans,0.375,5.703,1.808,Black
1353,1354,Soyabeans,1.824,6.517,1.829,Black
1354,1355,Soyabeans,1.504,5.988,1.772,Black
1355,1356,Soyabeans,0.947,5.893,2.07,Black
1356,1357,Soyabeans,0.059,6.28,2.818,Black
1357,1358,Soyabeans,2.672,6.116,1.544,Black
1358,1359,Soyabeans,2.973,5.635,2.274,Black
1359,1360,Soyabeans,1.765,5.201,1.92,Black
1360,1361,Soyabeans,0.691,6.912,2.368,Black
1361,1362,Soyabeans,0.083,6.104,2.942,Black
1362,1363,Soyabeans,3.44,6.425,2.603,Black
1363,1364,Soyabeans,0.631,5,1.591,Black
1364,1365,Soyabeans,2.085,5.712,2.835,Black
1365,1366,Soyabeans,0.047,6.254,2.134,Black
1366,1367,Soyabeans,0.533,5.302,1.56,Black
1367,1368,Soyabeans,3.185,6.501,1.751,Black
1368,1369,Soyabeans,2.618,6.268,2.967,Black
1369,1370,Soyabeans,1.872,5.046,2.276,Black
1370,1371,Soyabeans,2.359,6.606,2.39,Black
1371,1372,Soyabeans,1.398,5.897,2.35,Black
1372,1373,Soyabeans,1.792,6.401,1.887,Black
1373,1374,Soyabeans,2.124,6.462,2.548,Black
1374,1375,Soyabeans,0.552,5.909,2.817,Black
1375,1376,Soyabeans,1.246,6.985,2.528,Black
1376,1377,Soyabeans,2.026,6.128,1.631,Black
1377,1378,Soyabeans,2.485,6.001,2.717,Black
1378,1379,Soyabeans,1.526,6.095,2.071,Black
1379,1380,Soyabeans,0.801,6.27,2.541,Black
1380,1381,Soyabeans,1.288,5.99,1.618,Black
1381,1382,Soyabeans,2.163,6.71,1.627,Black
1382,1383,Soyabeans,1.117,6.158,2.429,Black
1383,1384,Soyabeans,1.31,5.345,2.492,Black
1384,1385,Soyabeans,0.746,5.087,1.944,Black
1385,1386,Soyabeans,1.14,5.662,2.804,Black
1386,1387,Soyabeans,2.478,5.508,2.555,Black
1387,1388,Soyabeans,3.26,6.592,2.53,Black
1388,1389,Soyabeans,1.778,6.388,2.351,Black
1389,1390,Soyabeans,2.381,5.701,1.852,Black
1390,1391,Soyabeans,1.028,5.279,2.141,Black
1391,1392,Soyabeans,0.786,5.37,2.82,Black
1392,1393,Soyabeans,2.336,5.062,2.087,Black
1393,1394,Soyabeans,2.821,6.564,2.834,Black
1394,1395,Soyabeans,2.606,6.408,2.621,Black
1395,1396,Soyabeans,3.107,5.515,2.19,Black
1396,1397,Soyabeans,1.301,5.266,2.053,Black
1397,1398,Soyabeans,0.301,6.759,2.928,Black
1398,1399,Soyabeans,3.467,6.644,2.238,Black
1399,1400,Soyabeans,0.574,5.466,2.239,Black
1400,1401,Sunflower,4.789,9.36,3.618,Black
1401,1402,Sunflower,8.415,9.833,3.431,Black
1402,1403,Sunflower,5.059,8.512,2.791,Black
1403,1404,Sunflower,6.389,8.096,3.011,Black
1404,1405,Sunflower,5.886,8.161,3.313,Black
1405,1406,Sunflower,6.001,8.38,2.534,Black
1406,1407,Sunflower,6.036,9.333,3.392,Black
1407,1408,Sunflower,8.386,9.2,3.564,Black
1408,1409,Sunflower,7.724,8.831,2.696,Black
1409,1410,Sunflower,6.97,9.673,3.98,Black
1410,1411,Sunflower,6.763,8.508,3.998,Black
1411,1412,Sunflower,6.461,9.314,3.542,Black
1412,1413,Sunflower,7.933,8.591,3.779,Black
1413,1414,Sunflower,6.001,9.879,3.318,Black
1414,1415,Sunflower,4.781,9,3.091,Black
1415,1416,Sunflower,5.597,9.986,3.384,Black
1416,1417,Sunflower,5.044,8.919,3.428,Black
1417,1418,Sunflower,5.909,8.395,3.676,Black
1418,1419,Sunflower,6.124,8.595,3.659,Black
1419,1420,Sunflower,6.091,8.791,3.333,Black
1420,1421,Sunflower,7.965,9.353,2.661,Black
1421,1422,Sunflower,8.877,9.417,2.934,Black
1422,1423,Sunflower,6.288,9.199,3.105,Black
1423,1424,Sunflower,7.445,9.452,2.669,Black
1424,1425,Sunflower,7.996,8.098,3.639,Black
1425,1426,Sunflower,7.49,9.311,3.772,Black
1426,1427,Sunflower,5.166,8.922,2.916,Black
1427,1428,Sunflower,4.786,8.465,3.956,Black
1428,1429,Sunflower,6.007,9.611,3.046,Black
1429,1430,Sunflower,5.775,9.099,3.405,Black
1430,1431,Sunflower,5.42,8.352,2.902,Black
1431,1432,Sunflower,5.775,8.305,3.48,Black
1432,1433,Sunflower,6.253,8.985,2.695,Black
1433,1434,Sunflower,8.218,8.317,2.722,Black
1434,1435,Sunflower,5.897,9.527,3.685,Black
1435,1436,Sunflower,5.699,9.856,2.888,Black
1436,1437,Sunflower,6.519,9.368,3.902,Black
1437,1438,Sunflower,5.582,9.621,3.431,Black
1438,1439,Sunflower,6.137,8.574,3.505,Black
1439,1440,Sunflower,5.196,8.429,3.371,Black
1440,1441,Sunflower,5.074,8.613,3.999,Black
1441,1442,Sunflower,7.958,8.008,2.756,Black
1442,1443,Sunflower,6.274,9.107,3.565,Black
1443,1444,Sunflower,6.309,9.171,3.135,Black
1444,1445,Sunflower,8.399,9.134,2.699,Black
1445,1446,Sunflower,5.442,8.778,3.089,Black
1446,1447,Sunflower,6.658,8.063,3.459,Black
1447,1448,Sunflower,7.694,8.987,2.529,Black
1448,1449,Sunflower,5.666,8.913,2.891,Black
1449,1450,Sunflower,6.184,8.177,3.613,Black
1450,1451,Sunflower,7.427,8.173,3.916,Black
1451,1452,Sunflower,7.095,8.269,2.907,Black
1452,1453,Sunflower,7.92,9.439,2.597,Black
1453,1454,Sunflower,5.429,8.653,2.663,Black
1454,1455,Sunflower,6.149,8.55,3.629,Black
1455,1456,Sunflower,5.407,9.449,2.721,Black
1456,1457,Sunflower,7.726,9.442,3.755,Black
1457,1458,Sunflower,6.751,9.855,2.923,Black
1458,1459,Sunflower,7.34,9.525,3.976,Black
1459,1460,Sunflower,6.157,9.967,3.906,Black
1460,1461,Sunflower,4.833,9.36,2.505,Black
1461,1462,Sunflower,8.372,8.849,2.639,Black
1462,1463,Sunflower,8.135,8.452,3.778,Black
1463,1464,Sunflower,4.656,9.013,3.697,Black
1464,1465,Sunflower,4.917,8.482,3.01,Black
1465,1466,Sunflower,8.823,8.997,2.96,Black
1466,1467,Sunflower,5.813,9.996,3.899,Black
1467,1468,Sunflower,8.423,8.792,3.096,Black
1468,1469,Sunflower,8.286,9.223,2.502,Black
1469,1470,Sunflower,4.667,9.413,3.614,Black
1470,1471,Sunflower,8.678,9.684,3.618,Black
1471,1472,Sunflower,6.322,9.356,3.015,Black
1472,1473,Sunflower,5.035,8.644,3.108,Black
1473,1474,Sunflower,5.159,9.041,3.282,Black
1474,1475,Sunflower,4.895,9.4,2.745,Black
1475,1476,Sunflower,6.098,9.103,2.799,Black
1476,1477,Sunflower,5.536,8.233,2.732,Black
1477,1478,Sunflower,5.734,9.577,2.919,Black
1478,1479,Sunflower,6.602,8.084,3.516,Black
1479,1480,Sunflower,4.612,8.211,3.109,Black
1480,1481,Sunflower,6.06,8.773,3.671,Black
1481,1482,Sunflower,8.299,9.032,3.489,Black
1482,1483,Sunflower,7.588,9.302,3.812,Black
1483,1484,Sunflower,4.731,9.328,3.511,Black
1484,1485,Sunflower,8.377,8.473,2.897,Black
1485,1486,Sunflower,4.855,8.253,2.581,Black
1486,1487,Sunflower,5.164,8.922,2.687,Black
1487,1488,Sunflower,7.363,8.569,3.416,Black
1488,1489,Sunflower,5.517,8.456,2.532,Black
1489,1490,Sunflower,5.392,8.722,3.225,Black
1490,1491,Sunflower,6.624,8.792,2.82,Black
1491,1492,Sunflower,6.676,9.434,3.771,Black
1492,1493,Sunflower,7.532,8.872,3.042,Black
1493,1494,Sunflower,5.6,8.52,2.905,Black
1494,1495,Sunflower,5.936,9.308,3.44,Black
1495,1496,Sunflower,7.394,9.322,3.566,Black
1496,1497,Sunflower,4.91,9.581,3.025,Black
1497,1498,Sunflower,4.717,9.032,3.636,Black
1498,1499,Sunflower,6.508,9.853,3.279,Black
1499,1500,Sunflower,6.499,8.034,2.711,Black
1500,1501,Sunflower,8.494,8.268,3.448,Black
1501,1502,Sunflower,5.022,8.871,2.933,Black
1502,1503,Sunflower,6.003,9.601,2.898,Black
1503,1504,Sunflower,5.267,9.514,3.222,Black
1504,1505,Sunflower,7.161,9.732,3.627,Black
1505,1506,Sunflower,7.99,8.33,3.643,Black
1506,1507,Sunflower,8.389,8.565,2.864,Black
1507,1508,Sunflower,6.765,9.652,3.091,Black
1508,1509,Sunflower,8.547,9.28,2.697,Black
1509,1510,Sunflower,6.394,9.992,3.857,Black
1510,1511,Sunflower,5.346,9.441,3.291,Black
1511,1512,Sunflower,7.869,9.943,3.585,Black
1512,1513,Sunflower,7.593,9.179,2.947,Black
1513,1514,Sunflower,7.012,8.518,3.565,Black
1514,1515,Sunflower,7.016,8.655,3.366,Black
1515,1516,Sunflower,5.85,9.927,2.505,Black
1516,1517,Sunflower,5.97,8.153,2.663,Black
1517,1518,Sunflower,4.96,8.121,3.445,Black
1518,1519,Sunflower,4.865,8.415,3.772,Black
1519,1520,Sunflower,7.29,9.242,3.471,Black
1520,1521,Sunflower,7.945,8.03,3.892,Black
1521,1522,Sunflower,6.839,9.786,3.166,Black
1522,1523,Sunflower,8.397,8.336,3.584,Black
1523,1524,Sunflower,7.873,9.482,3.876,Black
1524,1525,Sunflower,6.822,8.221,3.585,Black
1525,1526,Sunflower,5.565,8.696,3.481,Black
1526,1527,Sunflower,5.607,9.464,3.396,Black
1527,1528,Sunflower,7.251,8.816,3.034,Black
1528,1529,Sunflower,5.385,9.728,2.769,Black
1529,1530,Sunflower,7.06,8.525,3.626,Black
1530,1531,Sunflower,7.008,8.123,3.357,Black
1531,1532,Sunflower,6.355,9.641,3.325,Black
1532,1533,Sunflower,7.704,9.919,3.812,Black
1533,1534,Sunflower,7.893,9.602,3.991,Black
1534,1535,Sunflower,6.873,8.27,2.753,Black
1535,1536,Sunflower,6.756,9.366,3.683,Black
1536,1537,Sunflower,8.882,8.962,2.856,Black
1537,1538,Sunflower,7.175,9.07,3.342,Black
1538,1539,Sunflower,7.597,8.057,3.679,Black
1539,1540,Sunflower,7.403,9.971,2.884,Black
1540,1541,Sunflower,6.692,9.362,3.075,Black
1541,1542,Sunflower,8.094,9.26,3.584,Black
1542,1543,Sunflower,4.586,9.437,2.918,Black
1543,1544,Sunflower,5.982,9.823,3.318,Black
1544,1545,Sunflower,7.126,9.782,2.86,Black
1545,1546,Sunflower,4.995,9.216,3.669,Black
1546,1547,Sunflower,4.536,9.752,3.874,Black
1547,1548,Sunflower,5.694,8.572,2.618,Black
1548,1549,Sunflower,7.737,9.724,3.983,Black
1549,1550,Sunflower,4.681,9.302,3.526,Black
1550,1551,Sunflower,5.827,8.491,3.761,Black
1551,1552,Sunflower,8.409,9.38,3.135,Black
1552,1553,Sunflower,5.762,9.253,2.956,Black
1553,1554,Sunflower,7.034,9.16,3.002,Black
1554,1555,Sunflower,5.297,9.6,2.939,Black
1555,1556,Sunflower,5.133,9.334,3.32,Black
1556,1557,Sunflower,4.756,9.233,2.607,Black
1557,1558,Sunflower,6.401,9.56,2.517,Black
1558,1559,Sunflower,5.066,9.074,3.844,Black
1559,1560,Sunflower,8.667,8.38,3.356,Black
1560,1561,Sunflower,5.191,9.18,3.905,Black
1561,1562,Sunflower,8.113,9.532,3.848,Black
1562,1563,Sunflower,7.931,8.624,3.872,Black
1563,1564,Sunflower,4.817,8.417,3.439,Black
1564,1565,Sunflower,6.64,9.703,2.691,Black
1565,1566,Sunflower,6.137,8.442,2.581,Black
1566,1567,Sunflower,8.519,9.219,2.904,Black
1567,1568,Sunflower,6.281,8.554,2.617,Black
1568,1569,Sunflower,6.764,9.992,3.064,Black
1569,1570,Sunflower,5.472,8.561,3.427,Black
1570,1571,Sunflower,5.23,9.453,3.654,Black
1571,1572,Sunflower,7.604,8.451,3.037,Black
1572,1573,Sunflower,6.973,9.202,3.871,Black
1573,1574,Sunflower,5.561,9.327,2.681,Black
1574,1575,Sunflower,6.651,9.624,3.012,Black
1575,1576,Sunflower,6.565,9.342,3.615,Black
1576,1577,Sunflower,5.026,9.888,2.554,Black
1577,1578,Sunflower,6.386,9.966,3.405,Black
1578,1579,Sunflower,8.013,9.481,2.532,Black
1579,1580,Sunflower,6.447,8.582,3.45,Black
1580,1581,Sunflower,7.292,9.262,3.624,Black
1581,1582,Sunflower,7.643,8.353,3.761,Black
1582,1583,Sunflower,6.593,9.76,2.757,Black
1583,1584,Sunflower,4.617,8.227,2.782,Black
1584,1585,Sunflower,8.697,8.55,2.949,Black
1585,1586,Sunflower,7.238,9.324,3.481,Black
1586,1587,Sunflower,6.866,8.634,3.251,Black
1587,1588,Sunflower,4.613,8.397,2.95,Black
1588,1589,Sunflower,6.944,9.198,3.214,Black
1589,1590,Sunflower,8.561,9.743,3.747,Black
1590,1591,Sunflower,4.938,8.491,2.573,Black
1591,1592,Sunflower,6.086,8.49,3.301,Black
1592,1593,Sunflower,5.783,9.602,3.674,Black
1593,1594,Sunflower,7.976,9.938,2.591,Black
1594,1595,Sunflower,8.677,8.818,3.54,Black
1595,1596,Sunflower,5.28,9.764,2.754,Black
1596,1597,Sunflower,7.829,8.786,3.984,Black
1597,1598,Sunflower,4.768,8.543,2.887,Black
1598,1599,Sunflower,7.643,8.227,3.996,Black
1599,1600,Sunflower,6.103,9.424,2.673,Black
1600,1601,Maize,7.185,4.926,2.478,Red
1601,1602,Maize,6.682,4.886,2.601,Red
1602,1603,Maize,5.494,3.86,2.789,Red
1603,1604,Maize,5.423,4.068,1.61,Red
1604,1605,Maize,6.492,3.57,2.189,Red
1605,1606,Maize,6.304,4.661,2.877,Red
1606,1607,Maize,7.751,3.732,2.619,Red
1607,1608,Maize,6.147,4.507,2.757,Red
1608,1609,Maize,7.64,4.028,2.726,Red
1609,1610,Maize,6.482,3.162,1.535,Red
1610,1611,Maize,6.083,4.512,2.136,Red
1611,1612,Maize,5.09,4.553,2.697,Red
1612,1613,Maize,8.734,4.333,2.648,Red
1613,1614,Maize,5.888,4.1,1.956,Red
1614,1615,Maize,6.055,4.327,2.997,Red
1615,1616,Maize,7.627,3.188,1.799,Red
1616,1617,Maize,5.854,3.559,1.57,Red
1617,1618,Maize,7.834,3.169,2.677,Red
1618,1619,Maize,8.276,4.468,1.685,Red
1619,1620,Maize,7.409,4.597,1.715,Red
1620,1621,Maize,6.336,4.837,1.511,Red
1621,1622,Maize,6.86,4.952,1.744,Red
1622,1623,Maize,8.732,3.462,2.997,Red
1623,1624,Maize,6.305,3.044,2.501,Red
1624,1625,Maize,5.937,4.295,2.993,Red
1625,1626,Maize,5.038,4.039,2.314,Red
1626,1627,Maize,8.161,3.297,1.577,Red
1627,1628,Maize,7.993,4.659,2.763,Red
1628,1629,Maize,8.79,3.767,2.421,Red
1629,1630,Maize,5.904,3.844,1.962,Red
1630,1631,Maize,7.276,4.471,2.911,Red
1631,1632,Maize,5.809,3.694,2.65,Red
1632,1633,Maize,5.24,3.893,1.571,Red
1633,1634,Maize,6.722,4.388,2.223,Red
1634,1635,Maize,5.097,4.698,1.531,Red
1635,1636,Maize,9.356,3.523,2.264,Red
1636,1637,Maize,9.326,4.907,1.547,Red
1637,1638,Maize,7.319,3.419,1.766,Red
1638,1639,Maize,6.905,4.894,2.603,Red
1639,1640,Maize,7.805,3.411,2.411,Red
1640,1641,Maize,7.66,4.654,2.428,Red
1641,1642,Maize,5.533,4.374,1.667,Red
1642,1643,Maize,9.239,3.361,2.79,Red
1643,1644,Maize,6.534,3.711,2.688,Red
1644,1645,Maize,7.938,4.343,2.023,Red
1645,1646,Maize,5.08,4.244,1.527,Red
1646,1647,Maize,7.815,4.127,1.804,Red
1647,1648,Maize,5.957,3.103,1.752,Red
1648,1649,Maize,5.021,4.578,1.954,Red
1649,1650,Maize,9.414,4.039,2.834,Red
1650,1651,Maize,7.986,4.9,1.632,Red
1651,1652,Maize,9.293,4.685,1.847,Red
1652,1653,Maize,7.367,4.055,1.81,Red
1653,1654,Maize,6.642,4.994,1.786,Red
1654,1655,Maize,6.365,4.892,2.412,Red
1655,1656,Maize,7.314,3.735,2.106,Red
1656,1657,Maize,7.564,3.012,2.662,Red
1657,1658,Maize,8.799,3.103,2.717,Red
1658,1659,Maize,6.227,4.25,1.617,Red
1659,1660,Maize,6.804,4.679,1.762,Red
1660,1661,Maize,8.971,3.254,1.997,Red
1661,1662,Maize,5.166,3.097,1.955,Red
1662,1663,Maize,7.367,3.694,2.849,Red
1663,1664,Maize,8.166,4.727,2.57,Red
1664,1665,Maize,6.427,3.219,2.961,Red
1665,1666,Maize,8.611,4.062,2.867,Red
1666,1667,Maize,5.571,4.587,2.974,Red
1667,1668,Maize,9.17,3.857,2.293,Red
1668,1669,Maize,8.034,3.697,2.188,Red
1669,1670,Maize,5.361,3.213,1.719,Red
1670,1671,Maize,6.092,4.24,2.731,Red
1671,1672,Maize,7.323,4.647,1.735,Red
1672,1673,Maize,7.147,3.551,2.11,Red
1673,1674,Maize,5.005,3.6,2.601,Red
1674,1675,Maize,7.35,3.715,2.084,Red
1675,1676,Maize,9.021,4.902,2.831,Red
1676,1677,Maize,8.014,3.224,2.31,Red
1677,1678,Maize,9.316,4.824,2.899,Red
1678,1679,Maize,6.783,3.011,1.798,Red
1679,1680,Maize,8.445,3.708,1.635,Red
1680,1681,Maize,7.522,3.18,2.951,Red
1681,1682,Maize,5.593,4.438,1.658,Red
1682,1683,Maize,8.222,4.343,2.366,Red
1683,1684,Maize,7.843,3.896,2.424,Red
1684,1685,Maize,6.363,4.177,2.29,Red
1685,1686,Maize,8.233,4.518,1.832,Red
1686,1687,Maize,8.922,3.494,2.958,Red
1687,1688,Maize,5.727,4.603,2.627,Red
1688,1689,Maize,8.418,3.41,2.801,Red
1689,1690,Maize,5.6,4.854,1.644,Red
1690,1691,Maize,7.131,3.196,2.764,Red
1691,1692,Maize,5.86,3.528,2.68,Red
1692,1693,Maize,5.067,4.428,1.73,Red
1693,1694,Maize,7.19,4.026,2.319,Red
1694,1695,Maize,6.006,4.788,2.892,Red
1695,1696,Maize,6.414,3.918,2.111,Red
1696,1697,Maize,5.411,3.11,2.253,Red
1697,1698,Maize,5.254,4.162,2.078,Red
1698,1699,Maize,8.283,3.662,1.515,Red
1699,1700,Maize,7.985,3.745,2.273,Red
1700,1701,Maize,8.529,3.616,2.88,Red
1701,1702,Maize,5.331,4.061,2.393,Red
1702,1703,Maize,6.617,4.928,2.898,Red
1703,1704,Maize,6.466,3.442,2.128,Red
1704,1705,Maize,5.421,4.839,2.091,Red
1705,1706,Maize,7.24,3.97,1.643,Red
1706,1707,Maize,7.425,4.993,2.543,Red
1707,1708,Maize,5.284,3.849,2.473,Red
1708,1709,Maize,7.372,3.039,2.337,Red
1709,1710,Maize,7.901,4.139,2.156,Red
1710,1711,Maize,7.602,3.188,2.778,Red
1711,1712,Maize,6.095,3.402,2.859,Red
1712,1713,Maize,6.283,4.376,2.748,Red
1713,1714,Maize,9.211,3.968,2.486,Red
1714,1715,Maize,9.132,3.994,1.695,Red
1715,1716,Maize,8.879,3.304,1.826,Red
1716,1717,Maize,6.854,4.564,2.506,Red
1717,1718,Maize,5.443,3.839,2.916,Red
1718,1719,Maize,8.525,4.191,1.67,Red
1719,1720,Maize,7.772,3.476,2.528,Red
1720,1721,Maize,9.317,3.45,2.068,Red
1721,1722,Maize,6.153,4.637,2.993,Red
1722,1723,Maize,5.031,4.83,2.014,Red
1723,1724,Maize,5.842,4.237,1.779,Red
1724,1725,Maize,8.137,3.54,2.106,Red
1725,1726,Maize,5.793,3.975,2.894,Red
1726,1727,Maize,8.59,3.402,2.281,Red
1727,1728,Maize,6.192,3.02,2.957,Red
1728,1729,Maize,6.673,3.256,2.361,Red
1729,1730,Maize,8.829,4.733,1.538,Red
1730,1731,Maize,6.549,3.716,2.508,Red
1731,1732,Maize,8.703,4.075,1.627,Red
1732,1733,Maize,6.875,4.503,2.497,Red
1733,1734,Maize,8.288,4.212,1.599,Red
1734,1735,Maize,7.527,3.064,1.992,Red
1735,1736,Maize,7.572,4.727,2.636,Red
1736,1737,Maize,6.029,4.896,1.713,Red
1737,1738,Maize,8.357,4.278,2.549,Red
1738,1739,Maize,5.605,3.568,1.737,Red
1739,1740,Maize,5.541,3.173,2.656,Red
1740,1741,Maize,9.473,3.542,1.761,Red
1741,1742,Maize,5.817,4.6,2.554,Red
1742,1743,Maize,5.373,3.48,1.726,Red
1743,1744,Maize,5.55,3.17,2.994,Red
1744,1745,Maize,6.341,4.98,2.064,Red
1745,1746,Maize,6.221,3.718,1.722,Red
1746,1747,Maize,5.922,3.484,1.554,Red
1747,1748,Maize,8.117,4.615,2.177,Red
1748,1749,Maize,8.992,3.744,2.237,Red
1749,1750,Maize,9.033,3.092,2.007,Red
1750,1751,Maize,6.447,3.908,2.376,Red
1751,1752,Maize,6.837,4.698,1.69,Red
1752,1753,Maize,5.537,4.287,2.304,Red
1753,1754,Maize,8.368,3.848,1.542,Red
1754,1755,Maize,7.318,4.587,2.828,Red
1755,1756,Maize,7.156,4.819,1.633,Red
1756,1757,Maize,9.301,4.45,2.122,Red
1757,1758,Maize,7.639,4.804,1.802,Red
1758,1759,Maize,5.27,3.6,2.381,Red
1759,1760,Maize,5.28,4.517,1.838,Red
1760,1761,Maize,9.265,3.173,2.058,Red
1761,1762,Maize,7.757,3.356,2.029,Red
1762,1763,Maize,7.902,3.459,2.564,Red
1763,1764,Maize,7.653,3.689,1.735,Red
1764,1765,Maize,5.721,3.336,1.624,Red
1765,1766,Maize,8.467,4.192,2.532,Red
1766,1767,Maize,6.185,4.78,2.246,Red
1767,1768,Maize,6.287,4.38,2.346,Red
1768,1769,Maize,9.449,4.418,2.19,Red
1769,1770,Maize,6.223,3.448,2.04,Red
1770,1771,Maize,6.344,3.038,1.921,Red
1771,1772,Maize,7.964,4.461,2.842,Red
1772,1773,Maize,8.235,3.16,2.39,Red
1773,1774,Maize,9.231,4.487,2.763,Red
1774,1775,Maize,7.302,4.539,2.539,Red
1775,1776,Maize,5.269,4.153,1.642,Red
1776,1777,Maize,7.794,4.894,2.045,Red
1777,1778,Maize,6.717,3.215,2.929,Red
1778,1779,Maize,5.562,4.248,2.707,Red
1779,1780,Maize,5.515,4.649,1.659,Red
1780,1781,Maize,8.885,4.908,2.031,Red
1781,1782,Maize,8.273,3.774,2.515,Red
1782,1783,Maize,7.84,4.295,2.492,Red
1783,1784,Maize,7.018,3.007,2.083,Red
1784,1785,Maize,6.747,3.409,1.99,Red
1785,1786,Maize,8.789,4.435,2.456,Red
1786,1787,Maize,6.599,3.546,2.03,Red
1787,1788,Maize,7.292,4.547,1.56,Red
1788,1789,Maize,8.762,3.918,2.478,Red
1789,1790,Maize,8.907,4.97,2.966,Red
1790,1791,Maize,8.574,3.099,1.793,Red
1791,1792,Maize,5.291,3.478,1.818,Red
1792,1793,Maize,8.312,3.125,2.928,Red
1793,1794,Maize,6.908,4.82,2.501,Red
1794,1795,Maize,6.043,3.702,2.959,Red
1795,1796,Maize,7.196,4.615,2.244,Red
1796,1797,Maize,5.003,4.579,2.192,Red
1797,1798,Maize,5.849,3.951,2.102,Red
1798,1799,Maize,7.739,3.866,1.724,Red
1799,1800,Maize,7.641,3.986,1.781,Red
